source,model,d,ability_scale,difficulty_scale,power
livecodebench,compensatory-mirt,2,0.5,0.5,0.0
livecodebench,compensatory-mirt,2,0.5,1.0,0.0
livecodebench,compensatory-mirt,2,0.5,1.5,0.0
livecodebench,compensatory-mirt,2,0.5,2.0,0.0
livecodebench,compensatory-mirt,2,1.0,0.5,0.0
livecodebench,compensatory-mirt,2,1.0,1.0,0.0
livecodebench,compensatory-mirt,2,1.0,1.5,0.0
livecodebench,compensatory-mirt,2,1.0,2.0,0.0
livecodebench,compensatory-mirt,2,1.5,0.5,0.0
livecodebench,compensatory-mirt,2,1.5,1.0,0.0
livecodebench,compensatory-mirt,2,1.5,1.5,0.0
livecodebench,compensatory-mirt,2,1.5,2.0,0.0
livecodebench,compensatory-mirt,2,2.0,0.5,0.0
livecodebench,compensatory-mirt,2,2.0,1.0,0.0
livecodebench,compensatory-mirt,2,2.0,1.5,0.0
livecodebench,compensatory-mirt,2,2.0,2.0,0.0
livecodebench,compensatory-mirt,3,0.5,0.5,0.0
livecodebench,compensatory-mirt,3,0.5,1.0,0.0
livecodebench,compensatory-mirt,3,0.5,1.5,0.0
livecodebench,compensatory-mirt,3,0.5,2.0,0.0
livecodebench,compensatory-mirt,3,1.0,0.5,0.0
livecodebench,compensatory-mirt,3,1.0,1.0,0.0
livecodebench,compensatory-mirt,3,1.0,1.5,0.0
livecodebench,compensatory-mirt,3,1.0,2.0,0.0
livecodebench,compensatory-mirt,3,1.5,0.5,0.0
livecodebench,compensatory-mirt,3,1.5,1.0,0.0
livecodebench,compensatory-mirt,3,1.5,1.5,0.0
livecodebench,compensatory-mirt,3,1.5,2.0,0.0
livecodebench,compensatory-mirt,3,2.0,0.5,0.0
livecodebench,compensatory-mirt,3,2.0,1.0,0.0
livecodebench,compensatory-mirt,3,2.0,1.5,0.0
livecodebench,compensatory-mirt,3,2.0,2.0,0.0
livecodebench,compensatory-mirt,5,0.5,0.5,0.0
livecodebench,compensatory-mirt,5,0.5,1.0,0.0
livecodebench,compensatory-mirt,5,0.5,1.5,0.0
livecodebench,compensatory-mirt,5,0.5,2.0,0.0
livecodebench,compensatory-mirt,5,1.0,0.5,0.0
livecodebench,compensatory-mirt,5,1.0,1.0,0.0
livecodebench,compensatory-mirt,5,1.0,1.5,0.0
livecodebench,compensatory-mirt,5,1.0,2.0,0.0
livecodebench,compensatory-mirt,5,1.5,0.5,0.0
livecodebench,compensatory-mirt,5,1.5,1.0,0.0
livecodebench,compensatory-mirt,5,1.5,1.5,0.0
livecodebench,compensatory-mirt,5,1.5,2.0,0.0
livecodebench,compensatory-mirt,5,2.0,0.5,0.0
livecodebench,compensatory-mirt,5,2.0,1.0,0.0
livecodebench,compensatory-mirt,5,2.0,1.5,0.0
livecodebench,compensatory-mirt,5,2.0,2.0,0.0
livecodebench,non-compensatory-mirt,2,0.5,0.5,0.0
livecodebench,non-compensatory-mirt,2,0.5,1.0,0.0
livecodebench,non-compensatory-mirt,2,0.5,1.5,0.0
livecodebench,non-compensatory-mirt,2,0.5,2.0,0.0
livecodebench,non-compensatory-mirt,2,1.0,0.5,0.0
livecodebench,non-compensatory-mirt,2,1.0,1.0,0.0
livecodebench,non-compensatory-mirt,2,1.0,1.5,0.004
livecodebench,non-compensatory-mirt,2,1.0,2.0,0.061
livecodebench,non-compensatory-mirt,2,1.5,0.5,0.028
livecodebench,non-compensatory-mirt,2,1.5,1.0,0.07
livecodebench,non-compensatory-mirt,2,1.5,1.5,0.255
livecodebench,non-compensatory-mirt,2,1.5,2.0,0.706
livecodebench,non-compensatory-mirt,2,2.0,0.5,0.143
livecodebench,non-compensatory-mirt,2,2.0,1.0,0.326
livecodebench,non-compensatory-mirt,2,2.0,1.5,0.671
livecodebench,non-compensatory-mirt,2,2.0,2.0,0.919
livecodebench,non-compensatory-mirt,3,0.5,0.5,0.9564336372847011
livecodebench,non-compensatory-mirt,3,0.5,1.0,0.043
livecodebench,non-compensatory-mirt,3,0.5,1.5,0.001
livecodebench,non-compensatory-mirt,3,0.5,2.0,0.002
livecodebench,non-compensatory-mirt,3,1.0,0.5,0.9948519948519948
livecodebench,non-compensatory-mirt,3,1.0,1.0,0.942
livecodebench,non-compensatory-mirt,3,1.0,1.5,0.925
livecodebench,non-compensatory-mirt,3,1.0,2.0,0.951
livecodebench,non-compensatory-mirt,3,1.5,0.5,0.9978448275862069
livecodebench,non-compensatory-mirt,3,1.5,1.0,0.999
livecodebench,non-compensatory-mirt,3,1.5,1.5,1.0
livecodebench,non-compensatory-mirt,3,1.5,2.0,1.0
livecodebench,non-compensatory-mirt,3,2.0,0.5,0.9961977186311787
livecodebench,non-compensatory-mirt,3,2.0,1.0,1.0
livecodebench,non-compensatory-mirt,3,2.0,1.5,1.0
livecodebench,non-compensatory-mirt,3,2.0,2.0,1.0
livecodebench,non-compensatory-mirt,5,0.5,1.5,1.0
livecodebench,non-compensatory-mirt,5,0.5,2.0,1.0
livecodebench,non-compensatory-mirt,5,1.0,1.5,1.0
livecodebench,non-compensatory-mirt,5,1.0,2.0,1.0
livecodebench,non-compensatory-mirt,5,1.5,1.5,1.0
livecodebench,non-compensatory-mirt,5,1.5,2.0,1.0
livecodebench,non-compensatory-mirt,5,2.0,2.0,1.0
mmlu-pro,compensatory-mirt,2,0.5,0.5,0.0
mmlu-pro,compensatory-mirt,2,0.5,1.0,0.0
mmlu-pro,compensatory-mirt,2,0.5,1.5,0.0
mmlu-pro,compensatory-mirt,2,0.5,2.0,0.0
mmlu-pro,compensatory-mirt,2,1.0,0.5,0.0
mmlu-pro,compensatory-mirt,2,1.0,1.0,0.0
mmlu-pro,compensatory-mirt,2,1.0,1.5,0.0
mmlu-pro,compensatory-mirt,2,1.0,2.0,0.0
mmlu-pro,compensatory-mirt,2,1.5,0.5,0.0
mmlu-pro,compensatory-mirt,2,1.5,1.0,0.0
mmlu-pro,compensatory-mirt,2,1.5,1.5,0.0
mmlu-pro,compensatory-mirt,2,1.5,2.0,0.0
mmlu-pro,compensatory-mirt,2,2.0,0.5,0.0
mmlu-pro,compensatory-mirt,2,2.0,1.0,0.0
mmlu-pro,compensatory-mirt,2,2.0,1.5,0.0
mmlu-pro,compensatory-mirt,2,2.0,2.0,0.0
mmlu-pro,compensatory-mirt,3,0.5,0.5,0.0
mmlu-pro,compensatory-mirt,3,0.5,1.0,0.0
mmlu-pro,compensatory-mirt,3,0.5,1.5,0.0
mmlu-pro,compensatory-mirt,3,0.5,2.0,0.0
mmlu-pro,compensatory-mirt,3,1.0,0.5,0.0
mmlu-pro,compensatory-mirt,3,1.0,1.0,0.0
mmlu-pro,compensatory-mirt,3,1.0,1.5,0.0
mmlu-pro,compensatory-mirt,3,1.0,2.0,0.0
mmlu-pro,compensatory-mirt,3,1.5,0.5,0.0
mmlu-pro,compensatory-mirt,3,1.5,1.0,0.0
mmlu-pro,compensatory-mirt,3,1.5,1.5,0.0
mmlu-pro,compensatory-mirt,3,1.5,2.0,0.0
mmlu-pro,compensatory-mirt,3,2.0,0.5,0.0
mmlu-pro,compensatory-mirt,3,2.0,1.0,0.0
mmlu-pro,compensatory-mirt,3,2.0,1.5,0.0
mmlu-pro,compensatory-mirt,3,2.0,2.0,0.0
mmlu-pro,compensatory-mirt,5,0.5,0.5,0.0
mmlu-pro,compensatory-mirt,5,0.5,1.0,0.0
mmlu-pro,compensatory-mirt,5,0.5,1.5,0.0
mmlu-pro,compensatory-mirt,5,0.5,2.0,0.0
mmlu-pro,compensatory-mirt,5,1.0,0.5,0.0
mmlu-pro,compensatory-mirt,5,1.0,1.0,0.0
mmlu-pro,compensatory-mirt,5,1.0,1.5,0.0
mmlu-pro,compensatory-mirt,5,1.0,2.0,0.0
mmlu-pro,compensatory-mirt,5,1.5,0.5,0.0
mmlu-pro,compensatory-mirt,5,1.5,1.0,0.0
mmlu-pro,compensatory-mirt,5,1.5,1.5,0.0
mmlu-pro,compensatory-mirt,5,1.5,2.0,0.0
mmlu-pro,compensatory-mirt,5,2.0,0.5,0.0
mmlu-pro,compensatory-mirt,5,2.0,1.0,0.0
mmlu-pro,compensatory-mirt,5,2.0,1.5,0.0
mmlu-pro,compensatory-mirt,5,2.0,2.0,0.0
mmlu-pro,non-compensatory-mirt,2,0.5,0.5,0.0
mmlu-pro,non-compensatory-mirt,2,0.5,1.0,0.0
mmlu-pro,non-compensatory-mirt,2,0.5,1.5,0.0
mmlu-pro,non-compensatory-mirt,2,0.5,2.0,0.0
mmlu-pro,non-compensatory-mirt,2,1.0,0.5,0.0
mmlu-pro,non-compensatory-mirt,2,1.0,1.0,0.0
mmlu-pro,non-compensatory-mirt,2,1.0,1.5,0.0
mmlu-pro,non-compensatory-mirt,2,1.0,2.0,0.028
mmlu-pro,non-compensatory-mirt,2,1.5,0.5,0.011
mmlu-pro,non-compensatory-mirt,2,1.5,1.0,0.069
mmlu-pro,non-compensatory-mirt,2,1.5,1.5,0.269
mmlu-pro,non-compensatory-mirt,2,1.5,2.0,0.734
mmlu-pro,non-compensatory-mirt,2,2.0,0.5,0.165
mmlu-pro,non-compensatory-mirt,2,2.0,1.0,0.407
mmlu-pro,non-compensatory-mirt,2,2.0,1.5,0.683
mmlu-pro,non-compensatory-mirt,2,2.0,2.0,0.937
mmlu-pro,non-compensatory-mirt,3,0.5,0.5,0.001
mmlu-pro,non-compensatory-mirt,3,0.5,1.0,0.0
mmlu-pro,non-compensatory-mirt,3,0.5,1.5,0.0
mmlu-pro,non-compensatory-mirt,3,0.5,2.0,0.0
mmlu-pro,non-compensatory-mirt,3,1.0,0.5,0.842
mmlu-pro,non-compensatory-mirt,3,1.0,1.0,0.726
mmlu-pro,non-compensatory-mirt,3,1.0,1.5,0.797
mmlu-pro,non-compensatory-mirt,3,1.0,2.0,0.881
mmlu-pro,non-compensatory-mirt,3,1.5,0.5,0.9989429175475687
mmlu-pro,non-compensatory-mirt,3,1.5,1.0,0.998
mmlu-pro,non-compensatory-mirt,3,1.5,1.5,1.0
mmlu-pro,non-compensatory-mirt,3,1.5,2.0,1.0
mmlu-pro,non-compensatory-mirt,3,2.0,0.5,1.0
mmlu-pro,non-compensatory-mirt,3,2.0,1.0,1.0
mmlu-pro,non-compensatory-mirt,3,2.0,1.5,1.0
mmlu-pro,non-compensatory-mirt,3,2.0,2.0,1.0
mmlu-pro,non-compensatory-mirt,5,0.5,1.0,1.0
mmlu-pro,non-compensatory-mirt,5,0.5,1.5,0.648
mmlu-pro,non-compensatory-mirt,5,0.5,2.0,0.123
mmlu-pro,non-compensatory-mirt,5,1.0,1.0,1.0
mmlu-pro,non-compensatory-mirt,5,1.0,1.5,1.0
mmlu-pro,non-compensatory-mirt,5,1.0,2.0,0.998
mmlu-pro,non-compensatory-mirt,5,1.5,1.0,1.0
mmlu-pro,non-compensatory-mirt,5,1.5,1.5,1.0
mmlu-pro,non-compensatory-mirt,5,1.5,2.0,1.0
mmlu-pro,non-compensatory-mirt,5,2.0,1.0,1.0
mmlu-pro,non-compensatory-mirt,5,2.0,1.5,1.0
mmlu-pro,non-compensatory-mirt,5,2.0,2.0,1.0
swebench-verified,compensatory-mirt,2,0.5,0.5,0.0
swebench-verified,compensatory-mirt,2,0.5,1.0,0.0
swebench-verified,compensatory-mirt,2,0.5,1.5,0.0
swebench-verified,compensatory-mirt,2,0.5,2.0,0.0
swebench-verified,compensatory-mirt,2,1.0,0.5,0.0
swebench-verified,compensatory-mirt,2,1.0,1.0,0.0
swebench-verified,compensatory-mirt,2,1.0,1.5,0.0
swebench-verified,compensatory-mirt,2,1.0,2.0,0.0
swebench-verified,compensatory-mirt,2,1.5,0.5,0.0
swebench-verified,compensatory-mirt,2,1.5,1.0,0.0
swebench-verified,compensatory-mirt,2,1.5,1.5,0.0
swebench-verified,compensatory-mirt,2,1.5,2.0,0.0
swebench-verified,compensatory-mirt,2,2.0,0.5,0.0
swebench-verified,compensatory-mirt,2,2.0,1.0,0.0
swebench-verified,compensatory-mirt,2,2.0,1.5,0.0
swebench-verified,compensatory-mirt,2,2.0,2.0,0.0
swebench-verified,compensatory-mirt,3,0.5,0.5,0.0
swebench-verified,compensatory-mirt,3,0.5,1.0,0.0
swebench-verified,compensatory-mirt,3,0.5,1.5,0.0
swebench-verified,compensatory-mirt,3,0.5,2.0,0.0
swebench-verified,compensatory-mirt,3,1.0,0.5,0.0
swebench-verified,compensatory-mirt,3,1.0,1.0,0.0
swebench-verified,compensatory-mirt,3,1.0,1.5,0.0
swebench-verified,compensatory-mirt,3,1.0,2.0,0.0
swebench-verified,compensatory-mirt,3,1.5,0.5,0.0
swebench-verified,compensatory-mirt,3,1.5,1.0,0.0
swebench-verified,compensatory-mirt,3,1.5,1.5,0.0
swebench-verified,compensatory-mirt,3,1.5,2.0,0.0
swebench-verified,compensatory-mirt,3,2.0,0.5,0.0
swebench-verified,compensatory-mirt,3,2.0,1.0,0.0
swebench-verified,compensatory-mirt,3,2.0,1.5,0.0
swebench-verified,compensatory-mirt,3,2.0,2.0,0.0
swebench-verified,compensatory-mirt,5,0.5,0.5,0.0
swebench-verified,compensatory-mirt,5,0.5,1.0,0.0
swebench-verified,compensatory-mirt,5,0.5,1.5,0.0
swebench-verified,compensatory-mirt,5,0.5,2.0,0.0
swebench-verified,compensatory-mirt,5,1.0,0.5,0.0
swebench-verified,compensatory-mirt,5,1.0,1.0,0.0
swebench-verified,compensatory-mirt,5,1.0,1.5,0.0
swebench-verified,compensatory-mirt,5,1.0,2.0,0.0
swebench-verified,compensatory-mirt,5,1.5,0.5,0.0
swebench-verified,compensatory-mirt,5,1.5,1.0,0.0
swebench-verified,compensatory-mirt,5,1.5,1.5,0.0
swebench-verified,compensatory-mirt,5,1.5,2.0,0.0
swebench-verified,compensatory-mirt,5,2.0,0.5,0.0
swebench-verified,compensatory-mirt,5,2.0,1.0,0.0
swebench-verified,compensatory-mirt,5,2.0,1.5,0.0
swebench-verified,compensatory-mirt,5,2.0,2.0,0.0
swebench-verified,non-compensatory-mirt,2,0.5,0.5,0.0
swebench-verified,non-compensatory-mirt,2,0.5,1.0,0.0
swebench-verified,non-compensatory-mirt,2,0.5,1.5,0.0
swebench-verified,non-compensatory-mirt,2,0.5,2.0,0.0
swebench-verified,non-compensatory-mirt,2,1.0,0.5,0.001
swebench-verified,non-compensatory-mirt,2,1.0,1.0,0.0
swebench-verified,non-compensatory-mirt,2,1.0,1.5,0.0
swebench-verified,non-compensatory-mirt,2,1.0,2.0,0.066
swebench-verified,non-compensatory-mirt,2,1.5,0.5,0.035
swebench-verified,non-compensatory-mirt,2,1.5,1.0,0.042
swebench-verified,non-compensatory-mirt,2,1.5,1.5,0.326
swebench-verified,non-compensatory-mirt,2,1.5,2.0,0.877
swebench-verified,non-compensatory-mirt,2,2.0,0.5,0.131
swebench-verified,non-compensatory-mirt,2,2.0,1.0,0.397
swebench-verified,non-compensatory-mirt,2,2.0,1.5,0.795
swebench-verified,non-compensatory-mirt,2,2.0,2.0,0.991
swebench-verified,non-compensatory-mirt,3,0.5,0.5,1.0
swebench-verified,non-compensatory-mirt,3,0.5,1.0,0.881
swebench-verified,non-compensatory-mirt,3,0.5,1.5,0.215
swebench-verified,non-compensatory-mirt,3,0.5,2.0,0.131
swebench-verified,non-compensatory-mirt,3,1.0,0.5,1.0
swebench-verified,non-compensatory-mirt,3,1.0,1.0,1.0
swebench-verified,non-compensatory-mirt,3,1.0,1.5,1.0
swebench-verified,non-compensatory-mirt,3,1.0,2.0,1.0
swebench-verified,non-compensatory-mirt,3,1.5,0.5,1.0
swebench-verified,non-compensatory-mirt,3,1.5,1.0,1.0
swebench-verified,non-compensatory-mirt,3,1.5,1.5,1.0
swebench-verified,non-compensatory-mirt,3,1.5,2.0,1.0
swebench-verified,non-compensatory-mirt,3,2.0,1.0,1.0
swebench-verified,non-compensatory-mirt,3,2.0,1.5,1.0
swebench-verified,non-compensatory-mirt,3,2.0,2.0,1.0
swebench-verified,non-compensatory-mirt,5,0.5,1.5,1.0
swebench-verified,non-compensatory-mirt,5,0.5,2.0,1.0
swebench-verified,non-compensatory-mirt,5,1.0,2.0,1.0
swebench-verified,non-compensatory-mirt,5,1.5,2.0,1.0
