source,model,d,ability_scale,difficulty_scale,median_of_median_abs_delta,p2_5,p97_5,mean_sign_flip,mean_rho,mean_in_band,n
livecodebench,compensatory-mirt,2,0.5,0.5,0.004428325564134722,0.0034193569800356942,0.00559362637141141,0.10836408163265307,0.9535001316214093,0.8958047393364929,1000
livecodebench,compensatory-mirt,2,0.5,1.0,0.009434748667763171,0.007330476449429311,0.01179138785917883,0.1907461224489796,0.8453772913296627,0.647303317535545,1000
livecodebench,compensatory-mirt,2,0.5,1.5,0.013463114786666258,0.010398303744007083,0.016987723254743715,0.23232408163265306,0.7715772783848938,0.4757222748815166,1000
livecodebench,compensatory-mirt,2,0.5,2.0,0.01677847246099834,0.013117172834015558,0.021145662326062523,0.2534351020408163,0.7317795057625617,0.3726644549763033,1000
livecodebench,compensatory-mirt,2,1.0,0.5,0.0035466401008868165,0.0025978669650514054,0.0050079157011315295,0.09323020408163266,0.9666634674312853,0.9268113744075829,1000
livecodebench,compensatory-mirt,2,1.0,1.0,0.007926859174399697,0.00594998599462689,0.01066744751074396,0.17048979591836735,0.8750371281889532,0.7192568720379147,1000
livecodebench,compensatory-mirt,2,1.0,1.5,0.011416484084793815,0.008722596882942293,0.01568136212084055,0.21370775510204082,0.8032428050947367,0.5490540284360189,1000
livecodebench,compensatory-mirt,2,1.0,2.0,0.014465818516247703,0.010641706945178474,0.020098913243916123,0.23815673469387755,0.7600453816916799,0.43625497630331755,1000
livecodebench,compensatory-mirt,2,1.5,0.5,0.0029010206811962147,0.002045994466931081,0.0044137406646547585,0.07983020408163266,0.9761063091655386,0.9477298578199052,1000
livecodebench,compensatory-mirt,2,1.5,1.0,0.006639778082402875,0.004807251367983312,0.009336378220715232,0.15369877551020408,0.898448686424607,0.7806388625592418,1000
livecodebench,compensatory-mirt,2,1.5,1.5,0.00968702128850546,0.007053963211255,0.013924448213261005,0.19435755102040816,0.8350043034691815,0.6215706161137441,1000
livecodebench,compensatory-mirt,2,1.5,2.0,0.012323141305007057,0.008839174325051836,0.018908956366947147,0.22074448979591835,0.7891083495787988,0.5066521327014218,1000
livecodebench,compensatory-mirt,2,2.0,0.5,0.0024549850853878286,0.0016453959682657282,0.0042218981748643305,0.07163510204081631,0.9805344463288979,0.9597962085308056,1000
livecodebench,compensatory-mirt,2,2.0,1.0,0.0055608759076780645,0.004008989839189439,0.008532995448215924,0.1349461224489796,0.9217497014579232,0.8264625592417061,1000
livecodebench,compensatory-mirt,2,2.0,1.5,0.008211467462698352,0.005898923915173046,0.01282840085261015,0.17772979591836735,0.8606067291227587,0.6844492890995261,1000
livecodebench,compensatory-mirt,2,2.0,2.0,0.010555819323785354,0.007598972356494593,0.016192032972749147,0.20947918367346938,0.8064358593356906,0.5720767772511848,1000
livecodebench,compensatory-mirt,3,0.5,0.5,0.004146919431279622,0.0032057385725437816,0.005367963704425894,0.10402530612244898,0.9572955822254563,0.9054132701421801,1000
livecodebench,compensatory-mirt,3,0.5,1.0,0.009084781793724572,0.007039042656176375,0.011661862302185123,0.18893224489795918,0.8483678172389155,0.6644075829383886,1000
livecodebench,compensatory-mirt,3,0.5,1.5,0.012977021838480707,0.009895659083906865,0.016433865144118966,0.22727591836734695,0.7803346564058047,0.49407109004739336,1000
livecodebench,compensatory-mirt,3,0.5,2.0,0.016264228359410826,0.012668045587803186,0.020463713800639258,0.24943673469387756,0.7401319910969261,0.3856834123222749,1000
livecodebench,compensatory-mirt,3,1.0,0.5,0.003132025579082348,0.0022110395447899915,0.004396616177453694,0.08455510204081632,0.9733237860185191,0.942067298578199,1000
livecodebench,compensatory-mirt,3,1.0,1.0,0.007137339059596737,0.005410839226325329,0.009714612551457615,0.15894857142857144,0.8917484862504405,0.7561838862559243,1000
livecodebench,compensatory-mirt,3,1.0,1.5,0.010505694224027223,0.007869739549251388,0.014331093753900395,0.20488979591836737,0.8183695837411624,0.5896331753554502,1000
livecodebench,compensatory-mirt,3,1.0,2.0,0.013270142180094757,0.009845680531769456,0.018292639388788307,0.2308457142857143,0.771712079188574,0.4726995260663507,1000
livecodebench,compensatory-mirt,3,1.5,0.5,0.0023946903982867973,0.0015787540759916604,0.004000015350077715,0.0694734693877551,0.9823916652572263,0.9634312796208531,1000
livecodebench,compensatory-mirt,3,1.5,1.0,0.005620422754234244,0.004073144920701087,0.008311160919038081,0.136905306122449,0.9202589244789994,0.8276104265402844,1000
livecodebench,compensatory-mirt,3,1.5,1.5,0.008355773373545816,0.006121842447469867,0.012099297096964909,0.17947020408163267,0.8601102066788727,0.6802208530805688,1000
livecodebench,compensatory-mirt,3,1.5,2.0,0.01094814475926334,0.007918660633114397,0.016305548352361962,0.2075265306122449,0.8121452708146044,0.5628265402843602,1000
livecodebench,compensatory-mirt,3,2.0,0.5,0.0019149852869727868,0.0010748543050863035,0.0036295575448006697,0.05894612244897959,0.9876775962034475,0.974127962085308,1000
livecodebench,compensatory-mirt,3,2.0,1.0,0.004641362226998569,0.0032462890238699692,0.0068310675979046985,0.11664326530612244,0.9425814973131232,0.8755838862559242,1000
livecodebench,compensatory-mirt,3,2.0,1.5,0.007016311952747795,0.0049470667588292095,0.010313724835311738,0.15956979591836734,0.8884701271533759,0.7523990521327014,1000
livecodebench,compensatory-mirt,3,2.0,2.0,0.009125793585488512,0.006627017146656285,0.013411528661931899,0.18870857142857142,0.8433239823973118,0.6414616113744075,1000
livecodebench,compensatory-mirt,5,0.5,0.5,0.003852253816390011,0.002878267535593897,0.005021199949510479,0.0970604081632653,0.9636709763018027,0.9189345971563981,1000
livecodebench,compensatory-mirt,5,0.5,1.0,0.008418219775272878,0.00657165566077735,0.010622262238772587,0.17682122448979593,0.8661452884559349,0.6956407582938389,1000
livecodebench,compensatory-mirt,5,0.5,1.5,0.012204451323002574,0.009329190512810052,0.01551242241379091,0.22088653061224492,0.7926406274085752,0.5234549763033175,1000
livecodebench,compensatory-mirt,5,0.5,2.0,0.015361988169415003,0.011694089220421653,0.019480798606511585,0.24489142857142857,0.7475964825023532,0.41101137440758295,1000
livecodebench,compensatory-mirt,5,1.0,0.5,0.0025183669387199847,0.001697096130881899,0.0037193957216700587,0.0705926530612245,0.9820895296236082,0.9610578199052132,1000
livecodebench,compensatory-mirt,5,1.0,1.0,0.0060835025929487085,0.0044265899074393935,0.00819371861658667,0.14166857142857142,0.9151150066971299,0.8125715639810427,1000
livecodebench,compensatory-mirt,5,1.0,1.5,0.00920581000381171,0.006873874309972117,0.012322476841878517,0.18954530612244896,0.8447444564260121,0.6535639810426541,1000
livecodebench,compensatory-mirt,5,1.0,2.0,0.011809292417772316,0.008683386314008478,0.016066606203356825,0.2165338775510204,0.7994205426705635,0.5336568720379147,1000
livecodebench,compensatory-mirt,5,1.5,0.5,0.0017563426584602249,0.0010112643899349572,0.003118363850230088,0.05423510204081633,0.9899225072340444,0.9786236966824645,1000
livecodebench,compensatory-mirt,5,1.5,1.0,0.004450408982724641,0.003161056134134184,0.006516965305245049,0.11231836734693877,0.9479878006999487,0.8868208530805687,1000
livecodebench,compensatory-mirt,5,1.5,1.5,0.006995361257949417,0.00498624305424748,0.009938107522223004,0.15794040816326532,0.8919955821347919,0.7623535545023696,1000
livecodebench,compensatory-mirt,5,1.5,2.0,0.009133648455586563,0.006630847152700359,0.01294370879059908,0.1878595918367347,0.8462052693771214,0.6470094786729857,1000
livecodebench,compensatory-mirt,5,2.0,0.5,0.0012174480792457865,0.0008755359963890971,0.002727492494021094,0.044613877551020406,0.9933139654782155,0.9863251184834123,1000
livecodebench,compensatory-mirt,5,2.0,1.0,0.0033908242536766775,0.0022812278288915286,0.005150394587711737,0.08970122448979592,0.9681646005837492,0.928714691943128,1000
livecodebench,compensatory-mirt,5,2.0,1.5,0.005520716561039807,0.003791469194312834,0.00810242475861523,0.13094938775510204,0.9267379449748987,0.8351023696682464,1000
livecodebench,compensatory-mirt,5,2.0,2.0,0.0073898990439210666,0.00521653279402894,0.01090693183003839,0.16543102040816327,0.8803551027752042,0.7364369668246445,1000
livecodebench,non-compensatory-mirt,2,0.5,0.5,0.0269834613768046,0.020286505031610554,0.03540055319735578,0.06685795918367347,0.9777810238958115,0.32224834123222745,1000
livecodebench,non-compensatory-mirt,2,0.5,1.0,0.03062339911259146,0.02358106752752134,0.039025585580330126,0.06236897959183673,0.9805438042149303,0.347218009478673,1000
livecodebench,non-compensatory-mirt,2,0.5,1.5,0.03694888609727148,0.02899999999999998,0.045704823355711195,0.0659257142857143,0.978594778706067,0.31994123222748816,1000
livecodebench,non-compensatory-mirt,2,0.5,2.0,0.04288824976766725,0.0341358973438358,0.052438402953074954,0.07254530612244897,0.9748437409339518,0.2805118483412322,1000
livecodebench,non-compensatory-mirt,2,1.0,0.5,0.03915099723307855,0.025782813322801464,0.057735477754369,0.03807510204081633,0.9902396554425682,0.31415545023696684,1000
livecodebench,non-compensatory-mirt,2,1.0,1.0,0.04762149328051185,0.03538834901142499,0.06284345605575072,0.03494448979591837,0.9899993070380165,0.3487336492890995,1000
livecodebench,non-compensatory-mirt,2,1.0,1.5,0.05760460982386802,0.04480104912225553,0.07152861604324312,0.03654040816326531,0.9890140454070503,0.3333345971563981,1000
livecodebench,non-compensatory-mirt,2,1.0,2.0,0.06753593675803721,0.05436900530354317,0.08239916071596692,0.04038775510204081,0.9881315744256456,0.29881516587677726,1000
livecodebench,non-compensatory-mirt,2,1.5,0.5,0.04901255242796361,0.0274344152424721,0.07964330256921923,0.02966122448979592,0.9917510717467489,0.3133431279620853,1000
livecodebench,non-compensatory-mirt,2,1.5,1.0,0.06167564805453456,0.0424669427816402,0.08388296102028862,0.027031020408163266,0.9898293976356033,0.3421914691943128,1000
livecodebench,non-compensatory-mirt,2,1.5,1.5,0.07229020671938369,0.05577714668484192,0.09293789630528669,0.028599183673469388,0.9882424255067989,0.34301895734597154,1000
livecodebench,non-compensatory-mirt,2,1.5,2.0,0.0838043361712166,0.0673099896388287,0.10201689330245794,0.0319934693877551,0.987311930513809,0.31761137440758297,1000
livecodebench,non-compensatory-mirt,2,2.0,0.5,0.05918648958832173,0.02927066292509686,0.09761513883551796,0.029193469387755102,0.9908943446244399,0.28956587677725115,1000
livecodebench,non-compensatory-mirt,2,2.0,1.0,0.07255213838407948,0.043822087089180076,0.10538627454109283,0.02377959183673469,0.9892364333651545,0.3403175355450237,1000
livecodebench,non-compensatory-mirt,2,2.0,1.5,0.08428506802427763,0.05864035698645143,0.11243906936289602,0.024942040816326533,0.9863702689286368,0.3470957345971564,1000
livecodebench,non-compensatory-mirt,2,2.0,2.0,0.09469024379397348,0.07363267558905612,0.11969411964806682,0.027781224489795916,0.9849088022850738,0.3331895734597156,1000
livecodebench,non-compensatory-mirt,3,0.5,0.5,0.10604265402843602,0.07564677734285478,0.15603870458135863,0.31587039679093526,0.6547788207242681,0.019936904881948745,987
livecodebench,non-compensatory-mirt,3,0.5,1.0,0.06426080662296127,0.049425481181698226,0.0818117130268429,0.17301714285714287,0.8693827177830986,0.07976113744075829,1000
livecodebench,non-compensatory-mirt,3,0.5,1.5,0.05860383911331772,0.046055619647459904,0.07112378280620212,0.13986367346938774,0.9119347061765897,0.11887203791469195,1000
livecodebench,non-compensatory-mirt,3,0.5,2.0,0.05901399430646124,0.047269556237536585,0.07367845424717467,0.13056163265306123,0.922985478768939,0.13149763033175355,1000
livecodebench,non-compensatory-mirt,3,1.0,0.5,0.132454152070884,0.08824807740689615,0.18703791469194314,0.23109710293383762,0.8112157602836744,0.017000616052748753,777
livecodebench,non-compensatory-mirt,3,1.0,1.0,0.09602786396764655,0.07424834585423606,0.12322320452059787,0.11277551020408162,0.9343224949222382,0.06572701421800947,1000
livecodebench,non-compensatory-mirt,3,1.0,1.5,0.09277789745799225,0.07435268562401262,0.11330202807751495,0.08631346938775511,0.9569115519681246,0.10879241706161137,1000
livecodebench,non-compensatory-mirt,3,1.0,2.0,0.09435071403202164,0.07631391858029332,0.1144910447950199,0.07941632653061224,0.9626675360196819,0.12739241706161136,1000
livecodebench,non-compensatory-mirt,3,1.5,0.5,0.14856742783283064,0.09960405597695746,0.19096498156924696,0.1924771287825475,0.8729290192641405,0.015852263441738845,464
livecodebench,non-compensatory-mirt,3,1.5,1.0,0.12634403854267856,0.09492932369982694,0.16378628554502364,0.10158857142857143,0.9413582089797728,0.05030616113744076,1000
livecodebench,non-compensatory-mirt,3,1.5,1.5,0.12228969335002703,0.09501823845785186,0.14970208931313,0.07209469387755102,0.960292255734733,0.09441421800947868,1000
livecodebench,non-compensatory-mirt,3,1.5,2.0,0.12366058925822761,0.09976234061886201,0.14848764299932993,0.06534775510204083,0.9655376420775387,0.12063222748815165,1000
livecodebench,non-compensatory-mirt,3,2.0,0.5,0.14611738971928542,0.10352752225859164,0.1959063981042654,0.16540079149530534,0.9168067971424323,0.017822067648171843,263
livecodebench,non-compensatory-mirt,3,2.0,1.0,0.14997630331753556,0.11054381402997024,0.2006398104265402,0.11251784149242519,0.9358423993258058,0.037116079822444484,978
livecodebench,non-compensatory-mirt,3,2.0,1.5,0.14621005886556832,0.11642693872415387,0.17993957345971556,0.07043020408163266,0.9576870941167298,0.0760654028436019,1000
livecodebench,non-compensatory-mirt,3,2.0,2.0,0.14671029010483988,0.11661933541623971,0.177962166461079,0.06141387755102041,0.9626346395364127,0.10686350710900475,1000
livecodebench,non-compensatory-mirt,5,0.5,1.5,0.155999398179493,0.11569462396476615,0.22445497630331748,0.4255252416756176,0.4740280115034727,0.009174357695185832,380
livecodebench,non-compensatory-mirt,5,0.5,2.0,0.13006845708267514,0.09590324367575552,0.18862559241706156,0.37425877965399357,0.5575440341032084,0.014549041306805878,985
livecodebench,non-compensatory-mirt,5,1.0,1.5,0.19207477619799893,0.13559537914691944,0.22742594786729856,0.3297959183673469,0.6623080957081866,0.00889271865575183,110
livecodebench,non-compensatory-mirt,5,1.0,2.0,0.16949590693666522,0.12836361242759353,0.221563981042654,0.3024981558888616,0.7006503427569711,0.011904299663107406,830
livecodebench,non-compensatory-mirt,5,1.5,1.5,0.2127962085308056,0.18741969457609267,0.23738744075829385,0.25819241982507285,0.8024002056739014,0.008395396073121193,7
livecodebench,non-compensatory-mirt,5,1.5,2.0,0.20639810426540287,0.1647709320695103,0.2424170616113744,0.2599655073296924,0.769071568652926,0.010110584518167457,426
livecodebench,non-compensatory-mirt,5,2.0,2.0,0.23199052132701423,0.19526066350710902,0.2630331753554503,0.22892224658458424,0.81828214737195,0.008938153617171282,121
livecodebench,rasch,1,0.5,0.5,0.005425165259856729,0.0042083387233710755,0.006777435549665055,0.014831020408163266,0.9990454538197503,0.8875279620853082,1000
livecodebench,rasch,1,0.5,1.0,0.017228463859543297,0.013639397551637965,0.02096220673569954,0.029084897959183675,0.9959977150978581,0.6310938388625592,1000
livecodebench,rasch,1,0.5,1.5,0.030554597779015452,0.02463646836989654,0.03694526739057603,0.040715102040816326,0.9921456247795843,0.4612843601895735,1000
livecodebench,rasch,1,0.5,2.0,0.04250634657137306,0.03429827867443032,0.05089830870032502,0.049582857142857144,0.9884505014616746,0.35857630331753554,1000
livecodebench,rasch,1,1.0,0.5,0.005252841176054318,0.0038097835611384952,0.007916057920716644,0.0067885714285714285,0.9997630143762145,0.916872037914692,1000
livecodebench,rasch,1,1.0,1.0,0.021864069566517763,0.018143070079826705,0.025775065996091494,0.013946122448979591,0.9988387509003265,0.6858928909952607,1000
livecodebench,rasch,1,1.0,1.5,0.04308715903870902,0.03714343341714874,0.04910834535894952,0.01943265306122449,0.9976126198516186,0.5125848341232228,1000
livecodebench,rasch,1,1.0,2.0,0.06347442841518672,0.0546884405444192,0.0723616443223084,0.024026938775510202,0.9962770815847684,0.40186255924170616,1000
livecodebench,rasch,1,1.5,0.5,0.004417331329711394,0.0024508315618901556,0.009207711336501678,0.004043265306122449,0.9998815320188627,0.944508056872038,1000
livecodebench,rasch,1,1.5,1.0,0.021138306646921734,0.017292915653707275,0.027257929335508416,0.00873142857142857,0.999208168010679,0.7509895734597156,1000
livecodebench,rasch,1,1.5,1.5,0.044747998498999936,0.039224494421840166,0.05136630601863933,0.01270938775510204,0.9979629254492557,0.5770018957345971,1000
livecodebench,rasch,1,1.5,2.0,0.06883762211106742,0.060337513359893215,0.07688800100420479,0.015714285714285712,0.9964478246884645,0.457957345971564,1000
livecodebench,rasch,1,2.0,0.5,0.003259070550986176,0.0013803747060151638,0.010660869659784957,0.0029085714285714288,0.9999213583279936,0.9630265402843602,1000
livecodebench,rasch,1,2.0,1.0,0.018834203477452516,0.013568803521561541,0.02931394363656869,0.0066612244897959185,0.9993116104159951,0.8086654028436019,1000
livecodebench,rasch,1,2.0,1.5,0.0419324710307397,0.03470301607651863,0.05208132936044752,0.009213877551020409,0.9979357479096259,0.643526066350711,1000
livecodebench,rasch,1,2.0,2.0,0.06636785399534528,0.058013967117457294,0.075725966426485,0.011488979591836734,0.9961071628772501,0.5207109004739336,1000
mmlu-pro,compensatory-mirt,2,0.5,0.5,0.0014895026406347989,0.0011595720441624567,0.0018702102658564547,0.10831737588652483,0.9414584053828179,0.8705489527925532,1000
mmlu-pro,compensatory-mirt,2,0.5,1.0,0.003032454851276789,0.00235749521217889,0.0037964308309506594,0.18734397163120567,0.8268723425975364,0.6153089261968085,1000
mmlu-pro,compensatory-mirt,2,0.5,1.5,0.004268421945289744,0.0033761418995676474,0.005320830423889007,0.22793971631205673,0.7491083643910726,0.4501899102393617,1000
mmlu-pro,compensatory-mirt,2,0.5,2.0,0.005282183790907127,0.004062899550529576,0.006536247739643757,0.2457313829787234,0.711696941952541,0.3498254654255319,1000
mmlu-pro,compensatory-mirt,2,1.0,0.5,0.0012259613568624678,0.0009235282093548139,0.0016769761084079293,0.09383421985815603,0.9561114758710132,0.9058309507978723,1000
mmlu-pro,compensatory-mirt,2,1.0,1.0,0.0025740860061844034,0.001957060247645171,0.003407789728500196,0.16968705673758866,0.8551725824278653,0.6855134640957447,1000
mmlu-pro,compensatory-mirt,2,1.0,1.5,0.00363232547581592,0.002751790432426169,0.004985640112065129,0.21033333333333334,0.7831369471228543,0.519595079787234,1000
mmlu-pro,compensatory-mirt,2,1.0,2.0,0.004559316159136989,0.003424577999616555,0.00618759425986136,0.23261436170212765,0.737781332976719,0.4115192819148936,1000
mmlu-pro,compensatory-mirt,2,1.5,0.5,0.0010104641443135914,0.000718427241105863,0.00152280313206724,0.08051950354609928,0.9669505644475301,0.9310403091755319,1000
mmlu-pro,compensatory-mirt,2,1.5,1.0,0.0021572714891597844,0.0016047995107636096,0.0030665902334140664,0.15087145390070922,0.8841959500913308,0.7506369680851064,1000
mmlu-pro,compensatory-mirt,2,1.5,1.5,0.0030843667479947268,0.00225185757352437,0.004626536431118746,0.19288918439716313,0.8127904991819652,0.5916379654255319,1000
mmlu-pro,compensatory-mirt,2,1.5,2.0,0.003915709094760272,0.0027930604360298207,0.005731494638073156,0.2172118794326241,0.7663926679194831,0.47840766289893616,1000
mmlu-pro,compensatory-mirt,2,2.0,0.5,0.0008502639769366743,0.0006003617426055471,0.0014600899293049133,0.0704831560283688,0.9741579112690473,0.94702734375,1000
mmlu-pro,compensatory-mirt,2,2.0,1.0,0.0018596108656866034,0.0013402844743908738,0.0028775187678613174,0.13502925531914894,0.9044074328114481,0.797123670212766,1000
mmlu-pro,compensatory-mirt,2,2.0,1.5,0.00264427306288062,0.0019169024202027173,0.004141837098418706,0.1718590425531915,0.8481557225549268,0.6545885970744681,1000
mmlu-pro,compensatory-mirt,2,2.0,2.0,0.0033875452476855306,0.002364735123890636,0.005244498625266493,0.20006205673758864,0.7965339761207558,0.542629571143617,1000
mmlu-pro,compensatory-mirt,3,0.5,0.5,0.0014239545189482367,0.001098065045795712,0.0017810222931709376,0.10544148936170213,0.9450957394541767,0.8804658410904256,1000
mmlu-pro,compensatory-mirt,3,0.5,1.0,0.0029255732897559422,0.0022925727315559184,0.003656727619630433,0.1831258865248227,0.8348743909761185,0.6328180684840425,1000
mmlu-pro,compensatory-mirt,3,0.5,1.5,0.0040794481544196015,0.0032048447826681257,0.00525130172474214,0.2231276595744681,0.7583703047125528,0.46535629986702126,1000
mmlu-pro,compensatory-mirt,3,0.5,2.0,0.005133530427360353,0.00403776463106604,0.006425317532281233,0.24578191489361703,0.7127888548060772,0.36334158909574465,1000
mmlu-pro,compensatory-mirt,3,1.0,0.5,0.0010909281165018825,0.0007957786706194091,0.0015419103416009728,0.08473758865248228,0.9637852936030847,0.9228794880319149,1000
mmlu-pro,compensatory-mirt,3,1.0,1.0,0.0023277182709871974,0.0017635957547995525,0.003221619042701016,0.1569964539007092,0.8760349009742958,0.7242276429521277,1000
mmlu-pro,compensatory-mirt,3,1.0,1.5,0.0033839418176491998,0.0025298672624197334,0.0047059399578120225,0.20146099290780142,0.8000558678627795,0.5601812666223405,1000
mmlu-pro,compensatory-mirt,3,1.0,2.0,0.004232976214184475,0.003153712480048017,0.005690171011342327,0.22598492907801418,0.7513459107947863,0.44677726063829787,1000
mmlu-pro,compensatory-mirt,3,1.5,0.5,0.0008628173147140344,0.0005947733111905717,0.0013794729260907593,0.06997606382978723,0.9751406500809592,0.9480462932180851,1000
mmlu-pro,compensatory-mirt,3,1.5,1.0,0.001886195681723768,0.0013279375794688173,0.0026182009074605696,0.13363386524822696,0.9082610760742805,0.7999823803191489,1000
mmlu-pro,compensatory-mirt,3,1.5,1.5,0.0027015726407348117,0.001964625817090971,0.003987390218069182,0.17683067375886527,0.8411977423903682,0.6489276097074468,1000
mmlu-pro,compensatory-mirt,3,1.5,2.0,0.0034840099448858602,0.002528445588292924,0.004973019053552301,0.20589716312056738,0.7876725701510192,0.5338778257978724,1000
mmlu-pro,compensatory-mirt,3,2.0,0.5,0.0006966238201549096,0.00044660075855258095,0.0012490901366251914,0.059342198581560285,0.9817277534075606,0.9630185339095745,1000
mmlu-pro,compensatory-mirt,3,2.0,1.0,0.0015210297847832177,0.0010983342337501846,0.0023981085294872556,0.11486436170212765,0.9309083914542662,0.8519777260638298,1000
mmlu-pro,compensatory-mirt,3,2.0,1.5,0.002290585498664094,0.0016094850824488291,0.0035164272873217614,0.15859042553191488,0.8694663861584635,0.7219184674202128,1000
mmlu-pro,compensatory-mirt,3,2.0,2.0,0.0029451394487332444,0.0019776358906945313,0.0045353040407560925,0.18604078014184397,0.8232887975027373,0.6110992353723405,1000
mmlu-pro,compensatory-mirt,5,0.5,0.5,0.001312903400030263,0.0009873517936393474,0.001669501567461655,0.09815868794326241,0.952396637967709,0.8969723238031915,1000
mmlu-pro,compensatory-mirt,5,0.5,1.0,0.0027464689452598723,0.002121549510673366,0.003405448058703977,0.17590425531914894,0.8466546486841441,0.6631198470744681,1000
mmlu-pro,compensatory-mirt,5,0.5,1.5,0.003905682256386378,0.002986635448556427,0.004901032226083225,0.21922074468085107,0.767977872437836,0.4941394614361702,1000
mmlu-pro,compensatory-mirt,5,0.5,2.0,0.0048630080445027785,0.0037604292895090526,0.00617676547756427,0.2384822695035461,0.7270791323563632,0.38761968085106385,1000
mmlu-pro,compensatory-mirt,5,1.0,0.5,0.0009132420813702663,0.0006386080456273764,0.001349706520734913,0.07254964539007092,0.973653923375597,0.9448543882978724,1000
mmlu-pro,compensatory-mirt,5,1.0,1.0,0.0020026856667400422,0.0015064180246762815,0.002726643978475031,0.14151152482269505,0.898288687694777,0.78178515625,1000
mmlu-pro,compensatory-mirt,5,1.0,1.5,0.0029424310234704154,0.0021721789090815976,0.0040952102028112055,0.1839290780141844,0.8303372727186008,0.6233045212765957,1000
mmlu-pro,compensatory-mirt,5,1.0,2.0,0.003735456499936257,0.0027963612032753894,0.005176352558198988,0.211354609929078,0.7793686759610532,0.5057987865691489,1000
mmlu-pro,compensatory-mirt,5,1.5,0.5,0.000661203972608812,0.00041680155497823,0.0011304253236424273,0.0552145390070922,0.9845119512395221,0.967700548537234,1000
mmlu-pro,compensatory-mirt,5,1.5,1.0,0.001496980711570256,0.0010789740804238313,0.002205354245252751,0.11277393617021277,0.9340941928149901,0.862089178856383,1000
mmlu-pro,compensatory-mirt,5,1.5,1.5,0.0023009018709374135,0.001650602180789744,0.0031747150428886838,0.15463563829787233,0.8780637409090123,0.7309579454787234,1000
mmlu-pro,compensatory-mirt,5,1.5,2.0,0.002955204731475314,0.002121003064427313,0.004241078445545438,0.18547695035460993,0.8259094439665184,0.6155799534574468,1000
mmlu-pro,compensatory-mirt,5,2.0,0.5,0.0005132348183037594,0.0002785916387273192,0.0010757909573538053,0.04582890070921986,0.9890335691712052,0.9783918716755319,1000
mmlu-pro,compensatory-mirt,5,2.0,1.0,0.001172465039413248,0.0008103832362851892,0.0018469168958568565,0.09049024822695036,0.9570865646572226,0.9092768450797872,1000
mmlu-pro,compensatory-mirt,5,2.0,1.5,0.0018033893404569151,0.0012783134478527296,0.0026410044558698572,0.13193705673758865,0.909494133383678,0.8081712932180851,1000
mmlu-pro,compensatory-mirt,5,2.0,2.0,0.0024123370137972278,0.0016658033720553037,0.003517964539951665,0.16183421985815602,0.8655355780207505,0.7083095079787235,1000
mmlu-pro,non-compensatory-mirt,2,0.5,0.5,0.02015757385429199,0.015312533882892804,0.02629377873720064,0.021270390070921987,0.9965136957248315,0.28819489694148936,1000
mmlu-pro,non-compensatory-mirt,2,0.5,1.0,0.025717194735786847,0.020549685858901292,0.0323020356270127,0.020545212765957447,0.9962636845371663,0.32140442154255316,1000
mmlu-pro,non-compensatory-mirt,2,0.5,1.5,0.03238852052331092,0.025106417940567827,0.03923236576213697,0.021949468085106384,0.9960166480116301,0.29997165890957445,1000
mmlu-pro,non-compensatory-mirt,2,0.5,2.0,0.03902191005759149,0.03083241866793061,0.047856480854148044,0.023548758865248227,0.9958009273385148,0.2630805352393617,1000
mmlu-pro,non-compensatory-mirt,2,1.0,0.5,0.03541590706157315,0.022350058275302263,0.05151341793558493,0.013306737588652482,0.9960175637340881,0.27707937167553187,1000
mmlu-pro,non-compensatory-mirt,2,1.0,1.0,0.044554570993702275,0.03334915064604046,0.058080010340500796,0.015295212765957446,0.9941379015267706,0.32151653922872336,1000
mmlu-pro,non-compensatory-mirt,2,1.0,1.5,0.05539182047233875,0.0433870583880704,0.06939638554523662,0.017162234042553192,0.9935020872196256,0.3124221243351064,1000
mmlu-pro,non-compensatory-mirt,2,1.0,2.0,0.06584903903794148,0.05311636404252138,0.07881252401941748,0.01867287234042553,0.9936784107918243,0.2806013131648936,1000
mmlu-pro,non-compensatory-mirt,2,1.5,0.5,0.048185753721308636,0.028058540173305595,0.0742741381701338,0.011254432624113474,0.9946630444661271,0.2694949301861702,1000
mmlu-pro,non-compensatory-mirt,2,1.5,1.0,0.06026627615013539,0.040811804550443795,0.08351770272105764,0.014566489361702127,0.9914806566580077,0.31606640625,1000
mmlu-pro,non-compensatory-mirt,2,1.5,1.5,0.07276623443628244,0.05390092916391518,0.09286617121797815,0.01750620567375887,0.989440549951693,0.3187691988031915,1000
mmlu-pro,non-compensatory-mirt,2,1.5,2.0,0.0839319895301218,0.06726219419635662,0.1019676105835772,0.0200540780141844,0.9892754872311066,0.2984158078457447,1000
mmlu-pro,non-compensatory-mirt,2,2.0,0.5,0.060279201192146685,0.03067951356968579,0.09771351703866603,0.010937943262411346,0.9932891811800336,0.2525275930851064,1000
mmlu-pro,non-compensatory-mirt,2,2.0,1.0,0.07440432570396373,0.048080133225077426,0.10705954804654627,0.014025709219858155,0.9894570149274033,0.30089594414893617,1000
mmlu-pro,non-compensatory-mirt,2,2.0,1.5,0.08510984697092747,0.05969633782861949,0.1132413258373993,0.0172686170212766,0.9866859877267444,0.32412657912234044,1000
mmlu-pro,non-compensatory-mirt,2,2.0,2.0,0.0956033142846632,0.07428555641830324,0.12308977307259462,0.019906028368794328,0.9853415287896407,0.3109053357712766,1000
mmlu-pro,non-compensatory-mirt,3,0.5,0.5,0.05495086106924679,0.041213201727332054,0.07080149395924237,0.12114982269503546,0.9250360987530937,0.01546201795212766,1000
mmlu-pro,non-compensatory-mirt,3,0.5,1.0,0.04648104864749992,0.03668765821208089,0.056722814221870727,0.0571968085106383,0.9794998269368492,0.07067977061170212,1000
mmlu-pro,non-compensatory-mirt,3,0.5,1.5,0.04770877107695458,0.03770697592179739,0.057330564876092706,0.046873226950354605,0.9852744407533286,0.10852119348404256,1000
mmlu-pro,non-compensatory-mirt,3,0.5,2.0,0.049221962392346205,0.03920809390343581,0.05930723110793002,0.04425886524822695,0.9868945839704903,0.1224711602393617,1000
mmlu-pro,non-compensatory-mirt,3,1.0,0.5,0.09222008853583427,0.06913239040319286,0.12879278529612087,0.08886170212765956,0.9513940197153509,0.0107421875,1000
mmlu-pro,non-compensatory-mirt,3,1.0,1.0,0.08375401541552721,0.06701943113497796,0.10309182438704541,0.04064095744680851,0.9804820200884479,0.05663638630319148,1000
mmlu-pro,non-compensatory-mirt,3,1.0,1.5,0.0861098169810677,0.06999347608892707,0.10436424460526776,0.03619858156028369,0.9826151578919524,0.09794481382978723,1000
mmlu-pro,non-compensatory-mirt,3,1.0,2.0,0.08890085808563356,0.07313549429712926,0.10652916082763797,0.03568617021276596,0.9839478735233121,0.11933028590425532,1000
mmlu-pro,non-compensatory-mirt,3,1.5,0.5,0.12745072967812332,0.09138683250155144,0.1864516382239953,0.10070678332058837,0.9404233441825451,0.006892736353515362,946
mmlu-pro,non-compensatory-mirt,3,1.5,1.0,0.11571238358673498,0.0880290424488451,0.14150996899871873,0.039470744680851065,0.9750653129206063,0.04255867686170212,1000
mmlu-pro,non-compensatory-mirt,3,1.5,1.5,0.1178516721925397,0.09540073666080083,0.14381000424737794,0.03636613475177305,0.9755555778896654,0.08407413563829788,1000
mmlu-pro,non-compensatory-mirt,3,1.5,2.0,0.12128091201247387,0.09921590336598987,0.1434343504157935,0.038453900709219856,0.9758242500495792,0.10950806183510639,1000
mmlu-pro,non-compensatory-mirt,3,2.0,0.5,0.14723024924986358,0.10361166033021085,0.20597503878546097,0.10800489054914911,0.9418095170016542,0.006009208692003681,786
mmlu-pro,non-compensatory-mirt,3,2.0,1.0,0.14036253842926708,0.10971668023651462,0.17500128523250713,0.04289627659574468,0.9700690695037456,0.03012400265957447,1000
mmlu-pro,non-compensatory-mirt,3,2.0,1.5,0.14191186312062629,0.11410104186351731,0.1695981643346306,0.036650709219858156,0.9708352795971955,0.06887807513297872,1000
mmlu-pro,non-compensatory-mirt,3,2.0,2.0,0.14407570060139568,0.11886540455394705,0.1721883160506246,0.0392145390070922,0.9700052594655905,0.09847157579787234,1000
mmlu-pro,non-compensatory-mirt,5,0.5,1.0,0.15132882825286417,0.11205294479272204,0.2256025598404255,0.4213660952251886,0.45782914772818556,0.0009155521581515111,628
mmlu-pro,non-compensatory-mirt,5,0.5,1.5,0.08250448459645501,0.06477381921808198,0.1023705448945576,0.23109308510638296,0.7687757466660543,0.0056327293882978725,1000
mmlu-pro,non-compensatory-mirt,5,0.5,2.0,0.06877669352315394,0.054012344366941564,0.08532411119367962,0.16436258865248227,0.8701412258279655,0.01295279255319149,1000
mmlu-pro,non-compensatory-mirt,5,1.0,1.0,0.18700132978723405,0.14358377659574467,0.23404255319148934,0.31221210791840315,0.6848774705984021,0.0008225488045624041,97
mmlu-pro,non-compensatory-mirt,5,1.0,1.5,0.1365295144846717,0.10806341518816584,0.16705900967830684,0.18154343971631207,0.8443997160996369,0.0034113198138297873,1000
mmlu-pro,non-compensatory-mirt,5,1.0,2.0,0.11962280628171865,0.09687134562797653,0.14523000924737095,0.11579875886524824,0.9202665671248561,0.00962250664893617,1000
mmlu-pro,non-compensatory-mirt,5,1.5,1.0,0.22381981382978722,0.1976323553856383,0.23625020777925532,0.2547872340425532,0.7932596694429966,0.0007064494680851064,10
mmlu-pro,non-compensatory-mirt,5,1.5,1.5,0.19073070103655212,0.15471366479511425,0.24069481382978727,0.1997479394287905,0.8273686068526264,0.0016893688901667625,925
mmlu-pro,non-compensatory-mirt,5,1.5,2.0,0.16745046038845907,0.13764248189039757,0.19757658883920537,0.11266843971631205,0.9147510394033578,0.00611186835106383,1000
mmlu-pro,non-compensatory-mirt,5,2.0,1.0,0.25714760638297873,0.25714760638297873,0.25714760638297873,0.2907801418439716,0.7326581948915386,0.0008311170212765958,1
mmlu-pro,non-compensatory-mirt,5,2.0,1.5,0.22677027925531915,0.1921144372582205,0.27267089044599013,0.20191944430134118,0.8405428625714405,0.0011355916104270774,413
mmlu-pro,non-compensatory-mirt,5,2.0,2.0,0.2074391366612111,0.17240447431188788,0.24550704699748038,0.13216963599077158,0.894230031369168,0.003327305231564556,996
mmlu-pro,rasch,1,0.5,0.5,0.0038637537229614383,0.0030942103798791997,0.004540317253411834,0.004469858156028369,0.9998697353224032,0.86094140625,1000
mmlu-pro,rasch,1,0.5,1.0,0.015582429913905085,0.012563396426223204,0.01819517912787832,0.00888031914893617,0.9995182614200901,0.5984462267287235,1000
mmlu-pro,rasch,1,0.5,1.5,0.028875094293100992,0.023171547886360278,0.03397524937882707,0.012059397163120567,0.9990981035110483,0.4351007313829787,1000
mmlu-pro,rasch,1,0.5,2.0,0.04038637136873434,0.03282515700619326,0.04787827777180037,0.014822695035460994,0.9986909811179585,0.33674983377659573,1000
mmlu-pro,rasch,1,1.0,0.5,0.004639104435008756,0.003922553627057929,0.007164432117113848,0.0020904255319148936,0.9999271492792234,0.8930401429521276,1000
mmlu-pro,rasch,1,1.0,1.0,0.02186885175545529,0.019542719994840106,0.024673669166334466,0.004152482269503546,0.9996362349755648,0.6528280418882979,1000
mmlu-pro,rasch,1,1.0,1.5,0.043269788065367035,0.03764326375548145,0.047952487465081316,0.00588741134751773,0.9991457861617208,0.48331582446808513,1000
mmlu-pro,rasch,1,1.0,2.0,0.0637202672913316,0.0549796919518313,0.07110775680014131,0.007024822695035461,0.9986527249852194,0.3788830618351064,1000
mmlu-pro,rasch,1,1.5,0.5,0.004212460324905756,0.0028539211270483525,0.009786428239769548,0.0013342198581560282,0.999917293374717,0.9262795877659574,1000
mmlu-pro,rasch,1,1.5,1.0,0.021956767786371775,0.018905328367640972,0.0287573356893007,0.0025328014184397164,0.9994000964953605,0.7165216090425532,1000
mmlu-pro,rasch,1,1.5,1.5,0.04586472306480158,0.04137098474400701,0.05193136737110466,0.0035336879432624115,0.9984840929349845,0.5467941323138298,1000
mmlu-pro,rasch,1,1.5,2.0,0.07002631938490979,0.06334416748453785,0.07696613150275691,0.004563829787234043,0.997256002968154,0.4327819980053192,1000
mmlu-pro,rasch,1,2.0,0.5,0.0035764551398833055,0.0017096225539459976,0.01336171031440114,0.0008129432624113475,0.9999060303776022,0.945692071143617,1000
mmlu-pro,rasch,1,2.0,1.0,0.01967054708586445,0.015168857305063012,0.030643639977970892,0.0018927304964539006,0.9993320349364686,0.7791721243351063,1000
mmlu-pro,rasch,1,2.0,1.5,0.04370163233323014,0.037338809943376274,0.05262283080162952,0.0028297872340425534,0.99809919700648,0.6123659408244682,1000
mmlu-pro,rasch,1,2.0,2.0,0.06887179091492562,0.06157650968780992,0.0772413821936246,0.0035124113475177303,0.9963107215329875,0.49020171210106384,1000
swebench-verified,compensatory-mirt,2,0.5,0.5,0.006000000000000005,0.004809957079766223,0.0073202460850111915,0.11068892380204243,0.9581425744554243,0.909198,1000
swebench-verified,compensatory-mirt,2,0.5,1.0,0.014269592476489013,0.011936113432123186,0.017144421001868703,0.20767893614633598,0.8317488032231473,0.630734,1000
swebench-verified,compensatory-mirt,2,0.5,1.5,0.020391843262694942,0.017123702358680944,0.02451367320622637,0.25239737403209517,0.7525519546911276,0.457144,1000
swebench-verified,compensatory-mirt,2,0.5,2.0,0.02539109359852393,0.021375773867709363,0.030885044929396574,0.2735008416563797,0.7132399814207324,0.35506,1000
swebench-verified,compensatory-mirt,2,1.0,0.5,0.004593220338983073,0.0035259875259875937,0.006153879310344794,0.0908579284030973,0.9736222577182942,0.94375,1000
swebench-verified,compensatory-mirt,2,1.0,1.0,0.011806401249024212,0.009623978201634907,0.015633644644298374,0.18423611266973405,0.8674369526139443,0.7093079999999999,1000
swebench-verified,compensatory-mirt,2,1.0,1.5,0.017251908396946514,0.014065436241610673,0.02234973649538866,0.2308230277185501,0.7904494028612118,0.530534,1000
swebench-verified,compensatory-mirt,2,1.0,2.0,0.02183756345177662,0.017660735765055086,0.029638327962764038,0.2592237683761643,0.7373930765876665,0.41749,1000
swebench-verified,compensatory-mirt,2,1.5,0.5,0.003628865979381418,0.002422399203583854,0.005053009834648218,0.0766278756592975,0.9825406319386457,0.963692,1000
swebench-verified,compensatory-mirt,2,1.5,1.0,0.009663743943468,0.007752328566189952,0.013213016756697163,0.16329087644484347,0.8970687064517212,0.7785980000000001,1000
swebench-verified,compensatory-mirt,2,1.5,1.5,0.01449282072320221,0.01134796238244512,0.020003896103896118,0.21197879025923017,0.8213683312970886,0.608876,1000
swebench-verified,compensatory-mirt,2,1.5,2.0,0.018260162601625995,0.014285023041474606,0.027094909344490936,0.242810795645831,0.7665627674776612,0.487522,1000
swebench-verified,compensatory-mirt,2,2.0,0.5,0.0028674159202297933,0.001975708502024329,0.00423768485466604,0.06512579957356077,0.9880627722063993,0.97562,1000
swebench-verified,compensatory-mirt,2,2.0,1.0,0.008089093701997008,0.0062985655292327174,0.011754579456303595,0.1445213780720458,0.920599644732171,0.829876,1000
swebench-verified,compensatory-mirt,2,2.0,1.5,0.012089915120126582,0.009150442477876108,0.018323944086886583,0.19338087756705197,0.8505990389982301,0.6769959999999999,1000
swebench-verified,compensatory-mirt,2,2.0,2.0,0.015581919300834274,0.01200000000000001,0.02443899474516169,0.22710043766131746,0.7942234527641421,0.5560539999999999,1000
swebench-verified,compensatory-mirt,3,0.5,0.5,0.0056236323851203696,0.0044805339346766435,0.0070114010303728375,0.10439490517338122,0.9632877360383972,0.9196259999999999,1000
swebench-verified,compensatory-mirt,3,0.5,1.0,0.013744181517187648,0.011595032353105786,0.016656638321217904,0.20253967007069915,0.8397711315930769,0.650134,1000
swebench-verified,compensatory-mirt,3,0.5,1.5,0.01983263305322125,0.016339643463497488,0.02400000000000002,0.24670699135899452,0.7630118453541519,0.47341,1000
swebench-verified,compensatory-mirt,3,0.5,2.0,0.024736800049173224,0.02033449572206371,0.029933537970409506,0.2716162046908316,0.7170164483064041,0.36593200000000004,1000
swebench-verified,compensatory-mirt,3,1.0,0.5,0.003894736842105284,0.002786514962803388,0.005296273291925523,0.07982729211087419,0.9806399121929621,0.9589099999999999,1000
swebench-verified,compensatory-mirt,3,1.0,1.0,0.010635097028712709,0.008574116665755005,0.013894021739130387,0.17140365839973065,0.8863001711818207,0.75018,1000
swebench-verified,compensatory-mirt,3,1.0,1.5,0.015840830449827037,0.012733689352541789,0.020592979242979256,0.22222477836382,0.8047306891458303,0.5724940000000001,1000
swebench-verified,compensatory-mirt,3,1.0,2.0,0.020055064410204576,0.016093580163043443,0.02622879742999149,0.24993547301088542,0.7555272841434052,0.453702,1000
swebench-verified,compensatory-mirt,3,1.5,0.5,0.0026448255053806435,0.0018989898989899543,0.004083660901467501,0.06082560879811469,0.9897952184271211,0.978598,1000
swebench-verified,compensatory-mirt,3,1.5,1.0,0.008242600871484373,0.006361233167966031,0.011270594912393047,0.14520659858601728,0.9201922290084014,0.831136,1000
swebench-verified,compensatory-mirt,3,1.5,1.5,0.012788579401066313,0.009651188441940357,0.01829383106152405,0.19292447536752327,0.8516889087906501,0.6691119999999999,1000
swebench-verified,compensatory-mirt,3,1.5,2.0,0.01644122880468915,0.012848865724938246,0.02309770692742043,0.22887251711367973,0.7918402042871223,0.544044,1000
swebench-verified,compensatory-mirt,3,2.0,0.5,0.0020404040404039536,0.00012014028056107352,0.00334959598982502,0.04839030411850522,0.9939277959829748,0.987688,1000
swebench-verified,compensatory-mirt,3,2.0,1.0,0.006449562568718509,0.004864090699639034,0.009263536636573616,0.11905790595892717,0.9485078906477049,0.886288,1000
swebench-verified,compensatory-mirt,3,2.0,1.5,0.010370259752013777,0.007832898172323797,0.015437303648983271,0.16966928515318144,0.8863985062273719,0.748168,1000
swebench-verified,compensatory-mirt,3,2.0,2.0,0.013625745133186068,0.010153405572755334,0.020382967032967093,0.20605992593423858,0.8296224119467868,0.630126,1000
swebench-verified,compensatory-mirt,5,0.5,0.5,0.004946236559139783,0.003781936151580327,0.0062609703426432335,0.09521041409493884,0.9707736980301175,0.936526,1000
swebench-verified,compensatory-mirt,5,0.5,1.0,0.012702555213148392,0.01057090307512645,0.015298224820901816,0.1913134328358209,0.857485574629254,0.683918,1000
swebench-verified,compensatory-mirt,5,0.5,1.5,0.01844117647058824,0.015592612704600934,0.02306151960784306,0.23937178767815062,0.7760017231415854,0.5031720000000001,1000
swebench-verified,compensatory-mirt,5,0.5,2.0,0.023242991090171167,0.019293014705882433,0.028480334557323565,0.2640310851756256,0.7310981051822738,0.392758,1000
swebench-verified,compensatory-mirt,5,1.0,0.5,0.002788504351345922,0.001959595959595939,0.004057825732068201,0.06274503422735944,0.9893249071798237,0.9773740000000001,1000
swebench-verified,compensatory-mirt,5,1.0,1.0,0.008846849532895995,0.006979956427015252,0.011464970876649678,0.15080114465267647,0.9140420633609853,0.813548,1000
swebench-verified,compensatory-mirt,5,1.0,1.5,0.01367177957409163,0.010959888061414692,0.01780805448273823,0.2039145999326675,0.8362554716854445,0.641912,1000
swebench-verified,compensatory-mirt,5,1.0,2.0,0.01794708750468821,0.014000000000000012,0.023629885057471357,0.23247806082370104,0.7863025722814426,0.516486,1000
swebench-verified,compensatory-mirt,5,1.5,0.5,0.001927710843373509,0.0,0.002650406504065006,0.040444955672764,0.9958097084231444,0.991452,1000
swebench-verified,compensatory-mirt,5,1.5,1.0,0.006209947449647424,0.004644740891316977,0.008484809922029669,0.11584681853888452,0.9522938797935859,0.8973580000000001,1000
swebench-verified,compensatory-mirt,5,1.5,1.5,0.010285034583646935,0.00781074211064766,0.014087271638215068,0.16794321624957917,0.8903387910489768,0.757752,1000
swebench-verified,compensatory-mirt,5,1.5,2.0,0.013763026159449882,0.010620783429618131,0.018870169008252818,0.20417102457636627,0.8342450337781632,0.634696,1000
swebench-verified,compensatory-mirt,5,2.0,0.5,0.00020481927710838677,0.0,0.0020327174180832016,0.024155089215576252,0.9981566790440738,0.9964379999999999,1000
swebench-verified,compensatory-mirt,5,2.0,1.0,0.004457143369047234,0.003166381987577571,0.00638110599078346,0.09039344630232297,0.9733560752031749,0.943922,1000
swebench-verified,compensatory-mirt,5,2.0,1.5,0.007951219512195129,0.005792191272467104,0.011390068116507635,0.13925822017730893,0.9264409209247114,0.840132,1000
swebench-verified,compensatory-mirt,5,2.0,2.0,0.010907482248377759,0.008127643081944285,0.015144544232062188,0.1768662327460442,0.8769298941978682,0.7320019999999999,1000
swebench-verified,non-compensatory-mirt,2,0.5,0.5,0.03663157894736849,0.030248437499999944,0.044773039742212674,0.11521422960386041,0.9418131783923771,0.26518400000000003,1000
swebench-verified,non-compensatory-mirt,2,0.5,1.0,0.03683055040197894,0.031049772579597158,0.043047979885555726,0.09926787117046347,0.9565538566697418,0.31848000000000004,1000
swebench-verified,non-compensatory-mirt,2,0.5,1.5,0.04215950920245398,0.03593546278726546,0.04900341726618706,0.10288508584895074,0.9542323671556607,0.30023,1000
swebench-verified,non-compensatory-mirt,2,0.5,2.0,0.048444293846570896,0.04153244912790695,0.05617868621936521,0.11276579508472674,0.9466091886375246,0.263004,1000
swebench-verified,non-compensatory-mirt,2,1.0,0.5,0.046125399266532655,0.03499758883248734,0.0621895604395604,0.0678519806980137,0.9768683124943512,0.246636,1000
swebench-verified,non-compensatory-mirt,2,1.0,1.0,0.05137756930536526,0.04191380490232674,0.062002173913043475,0.055630905622264616,0.9819285097342653,0.31437200000000004,1000
swebench-verified,non-compensatory-mirt,2,1.0,1.5,0.060217494089834483,0.051697509578544014,0.06994448198198194,0.057119851868477164,0.9811104880460909,0.31072000000000005,1000
swebench-verified,non-compensatory-mirt,2,1.0,2.0,0.06999999999999998,0.0604700480192077,0.08076147735280931,0.06190214341824711,0.9793833085802959,0.28056,1000
swebench-verified,non-compensatory-mirt,2,1.5,0.5,0.055357470511140205,0.03866340206185563,0.08090362953692116,0.05603243182583324,0.9822818371712476,0.22441,1000
swebench-verified,non-compensatory-mirt,2,1.5,1.0,0.06466666666666658,0.05033960720130941,0.07971990553306348,0.042606553697677026,0.9848207100473104,0.304224,1000
swebench-verified,non-compensatory-mirt,2,1.5,1.5,0.07482296792334159,0.06199918032786885,0.08965379861868417,0.04249534283469869,0.9833969763693422,0.31685800000000003,1000
swebench-verified,non-compensatory-mirt,2,1.5,2.0,0.08528213348877882,0.0740437148502812,0.09766821597252039,0.04567085624509033,0.9825190770889273,0.29885199999999995,1000
swebench-verified,non-compensatory-mirt,2,2.0,0.5,0.06200000000000004,0.038748231079265553,0.09162258064516117,0.053025025249691396,0.9842628395157769,0.20915,1000
swebench-verified,non-compensatory-mirt,2,2.0,1.0,0.07505572755417955,0.05604805153991199,0.0957923558897242,0.03773358770059477,0.9851371391212717,0.289352,1000
swebench-verified,non-compensatory-mirt,2,2.0,1.5,0.0857634391257007,0.06923214285714294,0.1031705584978333,0.03583301537425654,0.9829060072068879,0.320572,1000
swebench-verified,non-compensatory-mirt,2,2.0,2.0,0.09548893135849659,0.08088380471743938,0.11203464849354376,0.038390528560206486,0.9815127008696837,0.313232,1000
swebench-verified,non-compensatory-mirt,3,0.5,0.5,0.1525,0.13357777777777777,0.178375,0.42831893165750196,0.4793060780151837,0.017166666666666667,24
swebench-verified,non-compensatory-mirt,3,0.5,1.0,0.08828571428571425,0.07321605141727096,0.11267142857142858,0.27085299068566937,0.731607811119994,0.062256,1000
swebench-verified,non-compensatory-mirt,3,0.5,1.5,0.07268115942028988,0.06159227871939734,0.08616964285714289,0.21099091011109863,0.826738278217221,0.105382,1000
swebench-verified,non-compensatory-mirt,3,0.5,2.0,0.07096551724137926,0.05999827586206895,0.08366808510638298,0.1962441925709797,0.8499842351543003,0.120204,1000
swebench-verified,non-compensatory-mirt,3,1.0,0.5,0.16199999999999998,0.14472727272727268,0.17434999999999998,0.30273444806044963,0.7205899062372537,0.018,3
swebench-verified,non-compensatory-mirt,3,1.0,1.0,0.11711111111111111,0.09563845050215211,0.15266666666666667,0.19949389184273728,0.8469316493668224,0.04694282848545637,997
swebench-verified,non-compensatory-mirt,3,1.0,1.5,0.10233333333333337,0.08738695652173914,0.12112228081740278,0.13638009202109752,0.9157372543195589,0.093708,1000
swebench-verified,non-compensatory-mirt,3,1.0,2.0,0.10137003968253967,0.0879258091635141,0.11641122448979593,0.12161194029850746,0.9316001591102752,0.116778,1000
swebench-verified,non-compensatory-mirt,3,1.5,0.5,0.15150000000000002,0.14906590909090905,0.15847499999999998,0.24079789024800807,0.8395001349023055,0.0175,4
swebench-verified,non-compensatory-mirt,3,1.5,1.0,0.1494166666666667,0.12,0.188,0.1878515099534065,0.8674405170983095,0.032967532467532465,924
swebench-verified,non-compensatory-mirt,3,1.5,1.5,0.13135087719298244,0.11165957446808512,0.15399999999999994,0.11656862305016272,0.9291646310355807,0.076572,1000
swebench-verified,non-compensatory-mirt,3,1.5,2.0,0.12906787330316738,0.1113821339260906,0.14700131578947367,0.09790753001907754,0.9447991568222095,0.107058,1000
swebench-verified,non-compensatory-mirt,3,2.0,1.0,0.16799999999999998,0.13600000000000004,0.1996444444444444,0.1854948210929024,0.8828301305360878,0.025487352445193928,593
swebench-verified,non-compensatory-mirt,3,2.0,1.5,0.15437437437437432,0.1315375,0.18400714285714284,0.11639961844910784,0.9280932594969515,0.058598,1000
swebench-verified,non-compensatory-mirt,3,2.0,2.0,0.15127787307032592,0.13214444444444443,0.17388529411764705,0.09081337672539559,0.944775742920446,0.09204000000000001,1000
swebench-verified,non-compensatory-mirt,5,0.5,1.5,0.14300000000000002,0.13920000000000002,0.1544,0.45860920959114204,0.4403581439362592,0.016,3
swebench-verified,non-compensatory-mirt,5,0.5,2.0,0.14883333333333335,0.12363888888888887,0.212,0.42136028789403307,0.5072744220359388,0.018177966101694917,236
swebench-verified,non-compensatory-mirt,5,1.0,2.0,0.19822222222222222,0.16353636363636365,0.22799999999999998,0.3376463061122471,0.6634967549543809,0.01742857142857143,77
swebench-verified,non-compensatory-mirt,5,1.5,2.0,0.222,0.20000000000000004,0.2278,0.2986196835372012,0.7194711052173857,0.0164,5
swebench-verified,rasch,1,0.5,0.5,0.006589278685420752,0.005194577274080699,0.007935726911179868,0.02168533273482213,0.9983167195298349,0.900046,1000
swebench-verified,rasch,1,0.5,1.0,0.019845635845635798,0.01677395860459276,0.023507492878868365,0.046432386937492985,0.990969768435554,0.6142920000000001,1000
swebench-verified,rasch,1,0.5,1.5,0.03381042228212036,0.02899875565610857,0.03908797195253502,0.06389305352934575,0.9826385680152984,0.439324,1000
swebench-verified,rasch,1,0.5,2.0,0.04617751479289947,0.03974597701149422,0.052883954951001975,0.07774189204354169,0.9745642773491042,0.33955799999999997,1000
swebench-verified,rasch,1,1.0,0.5,0.00526405757984702,0.003902256061660364,0.006889760348583931,0.009572999663337448,0.9996857512697419,0.934184,1000
swebench-verified,rasch,1,1.0,1.0,0.02250729259684485,0.01886973365617435,0.026390441045175815,0.021980249130288405,0.9978169882830693,0.673296,1000
swebench-verified,rasch,1,1.0,1.5,0.043813021040095296,0.03871712886913389,0.04956065509845973,0.0311051509370441,0.9953204800877747,0.492168,1000
swebench-verified,rasch,1,1.0,2.0,0.06376800976800973,0.05616569843512851,0.0714550928129462,0.0381944787341488,0.9928507383852458,0.38352800000000004,1000
swebench-verified,rasch,1,1.5,0.5,0.003754135450684065,0.002292595996224729,0.006334905488083226,0.005606217035125126,0.9998959187893947,0.96232,1000
swebench-verified,rasch,1,1.5,1.0,0.020769230769230845,0.01716379803112092,0.024889194139194097,0.013930198630905622,0.9989381508756604,0.743702,1000
swebench-verified,rasch,1,1.5,1.5,0.044465501792114726,0.038654884802835625,0.05054848484848486,0.02020289529794636,0.9971596846134012,0.5581699999999999,1000
swebench-verified,rasch,1,1.5,2.0,0.06841444372153552,0.06091346801346806,0.0763136521024043,0.02498215688474919,0.9950789237039965,0.439232,1000
swebench-verified,rasch,1,2.0,0.5,0.002323497756362508,0.0011829979879275725,0.005057272012578648,0.0034587588373919875,0.9999622806071339,0.9811279999999999,1000
swebench-verified,rasch,1,2.0,1.0,0.017507392032626967,0.013089539642224307,0.024033107021618698,0.010322298283020986,0.9993307402649788,0.8083819999999999,1000
swebench-verified,rasch,1,2.0,1.5,0.04065079365079363,0.03430688622754492,0.0473031007751938,0.014973628100101,0.9977916016882997,0.631212,1000
swebench-verified,rasch,1,2.0,2.0,0.06578249426373331,0.05721685267857147,0.07334561056627652,0.01909998877791494,0.9954537056140326,0.49977,1000
