perm,null_median,null_p95
0,0.02542011834319527,0.07850887573964498
1,0.024,0.07879881656804734
2,0.02542011834319527,0.07684023668639053
3,0.025337278106508876,0.0771715976331361
4,0.02542011834319527,0.07875739644970414
5,0.02542011834319527,0.07838461538461539
6,0.025337278106508876,0.07788165680473373
7,0.025254437869822486,0.07675739644970414
8,0.025337278106508876,0.07684023668639053
9,0.023751479289940827,0.0771301775147929
10,0.02517159763313609,0.08042603550295858
11,0.02492307692307693,0.07634319526627217
12,0.025337278106508876,0.07850887573964498
13,0.024,0.07871597633136095
14,0.025337278106508876,0.0771301775147929
15,0.02408284023668639,0.07809467455621302
16,0.025088757396449703,0.07721301775147929
17,0.025088757396449703,0.07801183431952663
18,0.025254437869822486,0.0764260355029586
19,0.025254437869822486,0.07967455621301775
20,0.025502958579881656,0.07834319526627218
21,0.025337278106508876,0.07863313609467455
22,0.02517159763313609,0.07737869822485206
23,0.02542011834319527,0.0782189349112426
24,0.024,0.07842603550295858
25,0.025668639053254436,0.07742011834319526
26,0.025502958579881656,0.07859171597633136
27,0.02517159763313609,0.07725443786982249
28,0.02542011834319527,0.07846745562130178
29,0.025337278106508876,0.07813609467455622
30,0.024414201183431954,0.07838461538461539
31,0.025337278106508876,0.07817751479289942
32,0.025337278106508876,0.07801183431952663
33,0.025088757396449703,0.07846745562130178
34,0.025502958579881656,0.07675739644970414
35,0.025502958579881656,0.07692307692307693
36,0.025254437869822486,0.07729585798816568
37,0.02542011834319527,0.07871597633136095
38,0.02542011834319527,0.0782189349112426
39,0.025337278106508876,0.07783431952662721
40,0.025337278106508876,0.07671597633136094
41,0.025254437869822486,0.07863313609467455
42,0.025337278106508876,0.07875739644970414
43,0.024,0.0771715976331361
44,0.025502958579881656,0.07675739644970414
45,0.025254437869822486,0.07842603550295858
46,0.025337278106508876,0.07667455621301775
47,0.025337278106508876,0.07884023668639054
48,0.02542011834319527,0.07867455621301775
49,0.02449704142011834,0.07692307692307693
50,0.02416568047337278,0.07842603550295858
51,0.025254437869822486,0.07737869822485208
52,0.02542011834319527,0.07675739644970414
53,0.025088757396449703,0.07667455621301775
54,0.025337278106508876,0.07650887573964497
55,0.025337278106508876,0.07684023668639053
56,0.02408284023668639,0.07875739644970414
57,0.025088757396449703,0.07659171597633135
58,0.025337278106508876,0.07846745562130178
59,0.025254437869822486,0.07834319526627218
60,0.02542011834319527,0.07855029585798817
61,0.02542011834319527,0.07842603550295858
62,0.025254437869822486,0.0770887573964497
63,0.025088757396449703,0.07817751479289942
64,0.02383431952662722,0.07692307692307693
65,0.02542011834319527,0.07684023668639053
66,0.02517159763313609,0.07875739644970414
67,0.024248520710059174,0.07842603550295858
68,0.02542011834319527,0.07830177514792899
69,0.025337278106508876,0.0771715976331361
70,0.025337278106508876,0.07675739644970414
71,0.023917159763313607,0.07801183431952663
72,0.025005917159763316,0.0782603550295858
73,0.02517159763313609,0.07813609467455622
74,0.025254437869822486,0.07784615384615386
75,0.025502958579881656,0.07846745562130178
76,0.02408284023668639,0.0782189349112426
77,0.025254437869822486,0.07855029585798817
78,0.025088757396449703,0.07667455621301775
79,0.025337278106508876,0.07771597633136094
80,0.025337278106508876,0.07875739644970414
81,0.02542011834319527,0.07650887573964497
82,0.025337278106508876,0.07817751479289942
83,0.025088757396449703,0.0790473372781065
84,0.025254437869822486,0.07613609467455622
85,0.025254437869822486,0.07775739644970414
86,0.024,0.0790887573964497
87,0.025254437869822486,0.0782603550295858
88,0.02408284023668639,0.07838461538461539
89,0.025502958579881656,0.07850887573964498
90,0.024840236686390536,0.07650295857988165
91,0.02542011834319527,0.07725443786982247
92,0.025502958579881656,0.07879881656804734
93,0.025502958579881656,0.07859171597633136
94,0.02517159763313609,0.07875739644970414
95,0.025088757396449703,0.07692307692307693
96,0.025337278106508876,0.07859171597633136
97,0.024248520710059174,0.07850887573964498
98,0.025337278106508876,0.07679881656804734
99,0.025254437869822486,0.0771715976331361
100,0.025337278106508876,0.0782189349112426
101,0.02517159763313609,0.07855029585798817
102,0.025337278106508876,0.07766863905325444
103,0.02542011834319527,0.07875739644970414
104,0.025254437869822486,0.07475739644970414
105,0.023751479289940827,0.07675739644970414
106,0.025254437869822486,0.07809467455621302
107,0.025088757396449703,0.07675739644970414
108,0.025254437869822486,0.07842603550295858
109,0.025337278106508876,0.07850887573964498
110,0.025337278106508876,0.0771715976331361
111,0.023751479289940827,0.0782603550295858
112,0.025254437869822486,0.07667455621301775
113,0.025254437869822486,0.07817751479289942
114,0.025502958579881656,0.07855029585798817
115,0.025337278106508876,0.0771715976331361
116,0.025254437869822486,0.07875739644970414
117,0.025502958579881656,0.07842603550295858
118,0.025337278106508876,0.07850887573964498
119,0.025337278106508876,0.07659171597633135
120,0.025005917159763316,0.07650887573964497
121,0.024,0.07675739644970414
122,0.025337278106508876,0.07850887573964498
123,0.025502958579881656,0.07692307692307693
124,0.025337278106508876,0.07875739644970414
125,0.02492307692307693,0.07659171597633135
126,0.025254437869822486,0.07817751479289942
127,0.025337278106508876,0.07871597633136095
128,0.02517159763313609,0.07692307692307693
129,0.025502958579881656,0.08013609467455621
130,0.025585798816568046,0.07667455621301775
131,0.02517159763313609,0.07500591715976332
132,0.02492307692307693,0.07859171597633136
133,0.023917159763313607,0.0751301775147929
134,0.02408284023668639,0.07700591715976332
135,0.025254437869822486,0.07896449704142013
136,0.02542011834319527,0.07879881656804734
137,0.025254437869822486,0.07733727810650887
138,0.02542011834319527,0.07746153846153846
139,0.025254437869822486,0.07834319526627218
140,0.025254437869822486,0.07775739644970414
141,0.025502958579881656,0.07675739644970414
142,0.025502958579881656,0.07859171597633136
143,0.02492307692307693,0.0762603550295858
144,0.02517159763313609,0.0770473372781065
145,0.025088757396449703,0.0770887573964497
146,0.025254437869822486,0.07688165680473373
147,0.02542011834319527,0.07867455621301775
148,0.02408284023668639,0.0782603550295858
149,0.025254437869822486,0.07659171597633135
150,0.02542011834319527,0.07675739644970414
151,0.02517159763313609,0.07659171597633135
152,0.02542011834319527,0.07850887573964498
153,0.025337278106508876,0.07817751479289942
154,0.02383431952662722,0.07667455621301775
155,0.025005917159763316,0.07684023668639053
156,0.025337278106508876,0.0802603550295858
157,0.02542011834319527,0.0770887573964497
158,0.025088757396449703,0.07692307692307693
159,0.023917159763313607,0.07834319526627218
160,0.025668639053254436,0.07892307692307693
161,0.02542011834319527,0.07725443786982249
162,0.025254437869822486,0.07684023668639053
163,0.025502958579881656,0.07659171597633135
164,0.025337278106508876,0.07850887573964498
165,0.025088757396449703,0.07842603550295858
166,0.024,0.07659171597633135
167,0.02542011834319527,0.07700591715976332
168,0.025254437869822486,0.0771301775147929
169,0.02542011834319527,0.07863313609467455
170,0.02542011834319527,0.07838461538461539
171,0.025254437869822486,0.07842603550295858
172,0.025254437869822486,0.07659171597633135
173,0.023917159763313607,0.07892307692307693
174,0.02383431952662722,0.07679881656804734
175,0.02542011834319527,0.07733727810650887
176,0.02542011834319527,0.07867455621301775
177,0.025337278106508876,0.07675739644970414
178,0.025088757396449703,0.07675739644970414
179,0.025337278106508876,0.07809467455621302
180,0.02542011834319527,0.07855029585798817
181,0.025502958579881656,0.07721301775147929
182,0.023917159763313607,0.07675739644970414
183,0.025502958579881656,0.07850887573964498
184,0.025337278106508876,0.0782189349112426
185,0.025502958579881656,0.07850887573964498
186,0.025502958579881656,0.07896449704142013
187,0.025502958579881656,0.07892307692307693
188,0.025254437869822486,0.07859171597633136
189,0.02416568047337278,0.0764260355029586
190,0.02517159763313609,0.07708875739644971
191,0.025337278106508876,0.07884023668639054
192,0.02542011834319527,0.07671597633136094
193,0.025337278106508876,0.07659171597633135
194,0.024,0.07725443786982249
195,0.025254437869822486,0.07946745562130177
196,0.025254437869822486,0.07846745562130178
197,0.025502958579881656,0.07700591715976332
198,0.02383431952662722,0.07797041420118343
199,0.02517159763313609,0.0770473372781065
200,0.025502958579881656,0.07696449704142012
201,0.025254437869822486,0.07879881656804734
202,0.025502958579881656,0.07929585798816569
203,0.02517159763313609,0.07638461538461538
204,0.02517159763313609,0.07867455621301775
205,0.02542011834319527,0.07675739644970414
206,0.025337278106508876,0.07775739644970414
207,0.02517159763313609,0.07650887573964497
208,0.02408284023668639,0.07684023668639053
209,0.02408284023668639,0.07679881656804734
210,0.025337278106508876,0.0782603550295858
211,0.024414201183431954,0.07605325443786982
212,0.02542011834319527,0.0782603550295858
213,0.025337278106508876,0.0782603550295858
214,0.025337278106508876,0.07801183431952663
215,0.02542011834319527,0.0782603550295858
216,0.02542011834319527,0.07830177514792899
217,0.02542011834319527,0.07884023668639054
218,0.025088757396449703,0.0770473372781065
219,0.025088757396449703,0.07859171597633136
220,0.024414201183431954,0.07754437869822485
221,0.025254437869822486,0.07692307692307693
222,0.02542011834319527,0.07875739644970414
223,0.024,0.07592899408284023
224,0.024248520710059174,0.07892307692307693
225,0.02542011834319527,0.07667455621301775
226,0.024840236686390536,0.07850887573964498
227,0.025337278106508876,0.07659171597633135
228,0.025254437869822486,0.07842603550295858
229,0.025337278106508876,0.07842603550295858
230,0.025337278106508876,0.07875739644970414
231,0.02542011834319527,0.07817751479289942
232,0.025254437869822486,0.07659171597633135
233,0.025337278106508876,0.07842603550295858
234,0.025088757396449703,0.07671597633136094
235,0.025502958579881656,0.07875739644970414
236,0.025337278106508876,0.07834319526627218
237,0.02517159763313609,0.07884023668639054
238,0.02383431952662722,0.07667455621301775
239,0.025585798816568046,0.07892307692307693
240,0.02542011834319527,0.07805325443786983
241,0.024,0.07700591715976332
242,0.025088757396449703,0.07805325443786983
243,0.025337278106508876,0.0771715976331361
244,0.025337278106508876,0.0771301775147929
245,0.023917159763313607,0.07650887573964497
246,0.02408284023668639,0.0771301775147929
247,0.025254437869822486,0.07867455621301775
248,0.024,0.07775739644970414
249,0.025005917159763316,0.07650887573964497
250,0.025337278106508876,0.07830177514792899
251,0.02416568047337278,0.07684023668639053
252,0.025502958579881656,0.07859171597633136
253,0.025254437869822486,0.07867455621301775
254,0.025337278106508876,0.07688165680473373
255,0.025254437869822486,0.07834319526627218
256,0.025005917159763316,0.07800591715976332
257,0.024248520710059174,0.0771715976331361
258,0.025337278106508876,0.07659171597633135
259,0.025502958579881656,0.07850887573964498
260,0.025254437869822486,0.07850887573964498
261,0.025254437869822486,0.07850887573964498
262,0.02542011834319527,0.07879881656804734
263,0.02542011834319527,0.07850887573964498
264,0.025088757396449703,0.07855029585798817
265,0.025337278106508876,0.07780473372781066
266,0.025337278106508876,0.07850887573964498
267,0.025254437869822486,0.0762603550295858
268,0.02408284023668639,0.07529585798816568
269,0.025005917159763316,0.0770887573964497
270,0.023917159763313607,0.07613609467455622
271,0.02542011834319527,0.07859171597633136
272,0.02542011834319527,0.07675739644970414
273,0.025502958579881656,0.07834319526627218
274,0.025337278106508876,0.07750295857988165
275,0.025502958579881656,0.07679881656804734
276,0.025254437869822486,0.07797041420118343
277,0.02492307692307693,0.07830177514792899
278,0.024248520710059174,0.07663313609467455
279,0.02517159763313609,0.07688165680473373
280,0.025254437869822486,0.07859171597633136
281,0.025088757396449703,0.07737869822485206
282,0.025337278106508876,0.07842603550295858
283,0.025502958579881656,0.07875739644970414
284,0.02517159763313609,0.07813609467455622
285,0.025337278106508876,0.07842603550295858
286,0.02542011834319527,0.07721301775147929
287,0.02542011834319527,0.07863313609467455
288,0.025337278106508876,0.07696449704142012
289,0.025337278106508876,0.0782603550295858
290,0.024,0.07729585798816568
291,0.025254437869822486,0.07767455621301775
292,0.02517159763313609,0.07859171597633136
293,0.025502958579881656,0.08046745562130178
294,0.025337278106508876,0.0770887573964497
295,0.02542011834319527,0.07659171597633135
296,0.02517159763313609,0.07692307692307693
297,0.02492307692307693,0.07750295857988165
298,0.02517159763313609,0.07846745562130178
299,0.025502958579881656,0.07888165680473373
300,0.02408284023668639,0.07667455621301775
301,0.02408284023668639,0.0782603550295858
302,0.025337278106508876,0.0771715976331361
303,0.025254437869822486,0.07679881656804734
304,0.024,0.07925443786982247
305,0.025088757396449703,0.07875739644970414
306,0.025254437869822486,0.07688165680473373
307,0.025585798816568046,0.07675739644970414
308,0.025337278106508876,0.07659171597633135
309,0.025254437869822486,0.07801183431952663
310,0.025337278106508876,0.07879881656804734
311,0.02517159763313609,0.07655029585798817
312,0.025337278106508876,0.07667455621301775
313,0.025337278106508876,0.07679881656804734
314,0.025254437869822486,0.07659171597633135
315,0.025502958579881656,0.0771715976331361
316,0.025254437869822486,0.07650887573964497
317,0.025254437869822486,0.0770473372781065
318,0.02517159763313609,0.07859171597633136
319,0.02517159763313609,0.07667455621301775
320,0.025254437869822486,0.07838461538461539
321,0.025337278106508876,0.0782189349112426
322,0.02542011834319527,0.07834319526627218
323,0.025254437869822486,0.07733727810650887
324,0.024,0.07700591715976332
325,0.025337278106508876,0.07867455621301775
326,0.025502958579881656,0.07855029585798817
327,0.02542011834319527,0.07871597633136095
328,0.025254437869822486,0.07725443786982249
329,0.02408284023668639,0.07763313609467457
330,0.025005917159763316,0.0770887573964497
331,0.025337278106508876,0.07896449704142013
332,0.025502958579881656,0.07667455621301775
333,0.025502958579881656,0.07692307692307693
334,0.024248520710059174,0.0771301775147929
335,0.025254437869822486,0.0782189349112426
336,0.02542011834319527,0.07692307692307693
337,0.02416568047337278,0.0782603550295858
338,0.025088757396449703,0.07850887573964498
339,0.025254437869822486,0.0782603550295858
340,0.025254437869822486,0.07562721893491124
341,0.025088757396449703,0.07675739644970414
342,0.025502958579881656,0.07650887573964497
343,0.025337278106508876,0.07663313609467455
344,0.025254437869822486,0.0782603550295858
345,0.025337278106508876,0.07659171597633135
346,0.02542011834319527,0.07700591715976332
347,0.025502958579881656,0.0770473372781065
348,0.02542011834319527,0.0782603550295858
349,0.025337278106508876,0.07809467455621302
350,0.025337278106508876,0.07675739644970414
351,0.02542011834319527,0.07688165680473373
352,0.02542011834319527,0.07830177514792899
353,0.025337278106508876,0.07659171597633135
354,0.025585798816568046,0.0782603550295858
355,0.024414201183431954,0.07696449704142012
356,0.02517159763313609,0.07659171597633135
357,0.02517159763313609,0.07742011834319526
358,0.025254437869822486,0.0781715976331361
359,0.025337278106508876,0.07900591715976332
360,0.024,0.0770887573964497
361,0.02542011834319527,0.07700591715976332
362,0.025337278106508876,0.0764260355029586
363,0.025254437869822486,0.07834319526627218
364,0.025005917159763316,0.07859171597633136
365,0.025005917159763316,0.0770887573964497
366,0.02517159763313609,0.07834319526627218
367,0.025254437869822486,0.07546153846153847
368,0.02542011834319527,0.07809467455621302
369,0.02517159763313609,0.07809467455621302
370,0.025337278106508876,0.07546153846153847
371,0.025502958579881656,0.07708875739644971
372,0.02492307692307693,0.0771715976331361
373,0.02517159763313609,0.07850887573964498
374,0.02542011834319527,0.07809467455621302
375,0.02408284023668639,0.07797041420118343
376,0.025088757396449703,0.07867455621301775
377,0.025337278106508876,0.0782603550295858
378,0.02517159763313609,0.07659171597633135
379,0.024,0.07675739644970414
380,0.025254437869822486,0.0770887573964497
381,0.02542011834319527,0.07679881656804734
382,0.02492307692307693,0.0782603550295858
383,0.025337278106508876,0.07700591715976332
384,0.02517159763313609,0.0764260355029586
385,0.02542011834319527,0.07875739644970414
386,0.025502958579881656,0.07855029585798817
387,0.025254437869822486,0.07859171597633136
388,0.024331360946745564,0.07667455621301775
389,0.02542011834319527,0.07801183431952663
390,0.025337278106508876,0.08042603550295858
391,0.02542011834319527,0.07884023668639054
392,0.025337278106508876,0.08013609467455621
393,0.025337278106508876,0.07650887573964497
394,0.02517159763313609,0.07650887573964497
395,0.025502958579881656,0.07830177514792899
396,0.02542011834319527,0.07655029585798817
397,0.02416568047337278,0.07684023668639053
398,0.02517159763313609,0.07842603550295858
399,0.02492307692307693,0.07992899408284024
400,0.025585798816568046,0.07863313609467455
401,0.02517159763313609,0.07646745562130178
402,0.02542011834319527,0.07692307692307693
403,0.02542011834319527,0.07838461538461539
404,0.025337278106508876,0.07684023668639053
405,0.02542011834319527,0.07725443786982249
406,0.02542011834319527,0.07838461538461539
407,0.025337278106508876,0.07684023668639053
408,0.02542011834319527,0.07700591715976332
409,0.025088757396449703,0.07834319526627218
410,0.025337278106508876,0.07850887573964498
411,0.02575147928994083,0.07867455621301775
412,0.025502958579881656,0.07809467455621302
413,0.025502958579881656,0.07721301775147929
414,0.02517159763313609,0.07655029585798817
415,0.025337278106508876,0.0764260355029586
416,0.024414201183431954,0.07655029585798817
417,0.025337278106508876,0.07675739644970414
418,0.02542011834319527,0.07884023668639054
419,0.025502958579881656,0.07859171597633136
420,0.025337278106508876,0.07946153846153846
421,0.025088757396449703,0.0770887573964497
422,0.02517159763313609,0.07696449704142012
423,0.02416568047337278,0.07684023668639053
424,0.023917159763313607,0.0782603550295858
425,0.025502958579881656,0.07871597633136095
426,0.025337278106508876,0.0782603550295858
427,0.025005917159763316,0.07805325443786983
428,0.025254437869822486,0.07659171597633135
429,0.02542011834319527,0.07675739644970414
430,0.02542011834319527,0.07842603550295858
431,0.02542011834319527,0.07867455621301775
432,0.025254437869822486,0.07834319526627218
433,0.025005917159763316,0.07979289940828403
434,0.02542011834319527,0.07684023668639053
435,0.025337278106508876,0.07817751479289942
436,0.02542011834319527,0.07842603550295858
437,0.02517159763313609,0.0782603550295858
438,0.02542011834319527,0.07892307692307693
439,0.025337278106508876,0.07659171597633135
440,0.025337278106508876,0.07684023668639053
441,0.02517159763313609,0.07675739644970414
442,0.02517159763313609,0.07667455621301775
443,0.025254437869822486,0.07838461538461539
444,0.02383431952662722,0.07838461538461539
445,0.025337278106508876,0.07692307692307693
446,0.025254437869822486,0.07838461538461539
447,0.025502958579881656,0.07855029585798817
448,0.025337278106508876,0.07667455621301775
449,0.02517159763313609,0.07867455621301775
450,0.02408284023668639,0.07859171597633136
451,0.025337278106508876,0.07721301775147929
452,0.025337278106508876,0.07684023668639053
453,0.025502958579881656,0.07842603550295858
454,0.025337278106508876,0.07867455621301775
455,0.02492307692307693,0.07754437869822485
456,0.02542011834319527,0.07846745562130178
457,0.025502958579881656,0.07863313609467455
458,0.025337278106508876,0.07834319526627218
459,0.025337278106508876,0.07875739644970414
460,0.025337278106508876,0.0770473372781065
461,0.025337278106508876,0.07659171597633135
462,0.025337278106508876,0.07867455621301775
463,0.025005917159763316,0.07688165680473373
464,0.025337278106508876,0.07850887573964498
465,0.02517159763313609,0.07850887573964498
466,0.025254437869822486,0.07688165680473373
467,0.025337278106508876,0.0762189349112426
468,0.025337278106508876,0.07850887573964498
469,0.02517159763313609,0.07733727810650887
470,0.025337278106508876,0.07659171597633135
471,0.024414201183431954,0.07742011834319526
472,0.025254437869822486,0.07675739644970414
473,0.02542011834319527,0.07733727810650887
474,0.02517159763313609,0.07667455621301775
475,0.025088757396449703,0.07692307692307693
476,0.025254437869822486,0.0801775147928994
477,0.025254437869822486,0.0782603550295858
478,0.02408284023668639,0.07700591715976332
479,0.025254437869822486,0.07850887573964498
480,0.025337278106508876,0.07842603550295858
481,0.024674556213017743,0.07817751479289942
482,0.025254437869822486,0.07842603550295858
483,0.02542011834319527,0.07838461538461539
484,0.02542011834319527,0.07650887573964497
485,0.025337278106508876,0.07900591715976332
486,0.025254437869822486,0.07842603550295858
487,0.02542011834319527,0.07850887573964498
488,0.02542011834319527,0.07842603550295858
489,0.02517159763313609,0.07834319526627218
490,0.025254437869822486,0.07842603550295858
491,0.02408284023668639,0.07863313609467455
492,0.025088757396449703,0.07855029585798817
493,0.02517159763313609,0.0764260355029586
494,0.02517159763313609,0.07863313609467455
495,0.02449704142011834,0.07692307692307693
496,0.025337278106508876,0.07850887573964498
497,0.025254437869822486,0.07875739644970414
498,0.02416568047337278,0.07842603550295858
499,0.025337278106508876,0.07659171597633135
500,0.02542011834319527,0.07879881656804734
501,0.02542011834319527,0.0782603550295858
502,0.025337278106508876,0.07850887573964498
503,0.025088757396449703,0.0770887573964497
504,0.025254437869822486,0.07675739644970414
505,0.025337278106508876,0.07966863905325444
506,0.025337278106508876,0.07842603550295858
507,0.025254437869822486,0.07646745562130178
508,0.02517159763313609,0.07834319526627218
509,0.024,0.07675739644970414
510,0.025502958579881656,0.07675739644970414
511,0.02542011834319527,0.07700591715976332
512,0.025254437869822486,0.07692307692307693
513,0.02542011834319527,0.0762603550295858
514,0.02517159763313609,0.07700591715976332
515,0.025088757396449703,0.0782189349112426
516,0.02542011834319527,0.07801183431952663
517,0.02408284023668639,0.07696449704142012
518,0.02517159763313609,0.07850887573964498
519,0.025337278106508876,0.07721301775147929
520,0.025337278106508876,0.07688165680473373
521,0.025337278106508876,0.0771715976331361
522,0.025254437869822486,0.07650887573964497
523,0.025254437869822486,0.07684023668639053
524,0.025337278106508876,0.07667455621301775
525,0.025088757396449703,0.07859171597633136
526,0.024840236686390536,0.07733727810650887
527,0.025337278106508876,0.07679881656804734
528,0.02492307692307693,0.07684023668639053
529,0.025088757396449703,0.07663313609467455
530,0.02542011834319527,0.07925443786982249
531,0.02383431952662722,0.07684023668639053
532,0.025502958579881656,0.07779881656804734
533,0.025254437869822486,0.0782603550295858
534,0.025337278106508876,0.07796449704142011
535,0.025088757396449703,0.07850887573964498
536,0.025337278106508876,0.07859171597633136
537,0.025585798816568046,0.07729585798816568
538,0.025502958579881656,0.0771301775147929
539,0.024,0.07725443786982249
540,0.025337278106508876,0.07834319526627218
541,0.024248520710059174,0.07780473372781066
542,0.025502958579881656,0.07842603550295858
543,0.02542011834319527,0.07617751479289941
544,0.025337278106508876,0.07834319526627218
545,0.02517159763313609,0.07813609467455622
546,0.02517159763313609,0.07750295857988165
547,0.02542011834319527,0.07834319526627218
548,0.025502958579881656,0.07684023668639053
549,0.025337278106508876,0.07850887573964498
550,0.025337278106508876,0.07855029585798817
551,0.024840236686390536,0.07679881656804734
552,0.02542011834319527,0.0771301775147929
553,0.025254437869822486,0.07846745562130178
554,0.025337278106508876,0.07733727810650887
555,0.02517159763313609,0.07733727810650887
556,0.025337278106508876,0.07659171597633135
557,0.02517159763313609,0.0782603550295858
558,0.025502958579881656,0.07650887573964497
559,0.025088757396449703,0.07679881656804734
560,0.02542011834319527,0.07779881656804734
561,0.02517159763313609,0.07675739644970414
562,0.02492307692307693,0.07684023668639053
563,0.025502958579881656,0.07859171597633136
564,0.024,0.07813609467455622
565,0.025254437869822486,0.07692307692307693
566,0.025502958579881656,0.07830177514792899
567,0.025254437869822486,0.0782603550295858
568,0.025502958579881656,0.07863313609467455
569,0.024840236686390536,0.07684023668639053
570,0.02517159763313609,0.07684023668639053
571,0.02542011834319527,0.07659171597633135
572,0.02542011834319527,0.0770887573964497
573,0.025005917159763316,0.07692307692307693
574,0.025337278106508876,0.07708875739644971
575,0.025337278106508876,0.07659171597633135
576,0.025502958579881656,0.07850887573964498
577,0.02542011834319527,0.07842603550295858
578,0.02517159763313609,0.0771301775147929
579,0.025005917159763316,0.07659171597633135
580,0.02517159763313609,0.07721301775147929
581,0.025254437869822486,0.07792899408284024
582,0.025337278106508876,0.07855029585798817
583,0.025337278106508876,0.07850887573964498
584,0.02517159763313609,0.07817751479289942
585,0.025337278106508876,0.07830177514792899
586,0.024840236686390536,0.07700591715976332
587,0.025254437869822486,0.07684023668639053
588,0.02492307692307693,0.07675739644970414
589,0.025088757396449703,0.07850887573964498
590,0.025502958579881656,0.07884023668639054
591,0.025005917159763316,0.07850887573964498
592,0.02517159763313609,0.0782603550295858
593,0.025005917159763316,0.07675739644970414
594,0.025337278106508876,0.07842603550295858
595,0.02542011834319527,0.07679881656804734
596,0.025254437869822486,0.0770473372781065
597,0.025585798816568046,0.0770887573964497
598,0.02542011834319527,0.07842603550295858
599,0.025337278106508876,0.0764260355029586
600,0.025502958579881656,0.07842603550295858
601,0.025088757396449703,0.07850887573964498
602,0.023917159763313607,0.07630177514792899
603,0.025254437869822486,0.07663313609467455
604,0.025254437869822486,0.07830177514792899
605,0.02542011834319527,0.07867455621301775
606,0.025254437869822486,0.07792307692307693
607,0.02542011834319527,0.0771715976331361
608,0.025254437869822486,0.07646745562130178
609,0.02517159763313609,0.07700591715976332
610,0.024840236686390536,0.07788757396449705
611,0.02517159763313609,0.07859171597633136
612,0.025254437869822486,0.07671597633136094
613,0.02542011834319527,0.0782603550295858
614,0.02408284023668639,0.07729585798816568
615,0.02542011834319527,0.07667455621301775
616,0.025337278106508876,0.07834319526627218
617,0.025005917159763316,0.07667455621301775
618,0.025585798816568046,0.07692307692307693
619,0.024674556213017743,0.07708875739644971
620,0.02542011834319527,0.0770887573964497
621,0.025337278106508876,0.07667455621301775
622,0.025088757396449703,0.0770887573964497
623,0.023917159763313607,0.0781360946745562
624,0.025254437869822486,0.07859171597633136
625,0.02449704142011834,0.07838461538461539
626,0.025585798816568046,0.07859171597633136
627,0.02416568047337278,0.07834319526627218
628,0.024840236686390536,0.07838461538461539
629,0.025088757396449703,0.07842603550295858
630,0.025337278106508876,0.07679881656804734
631,0.025254437869822486,0.0782189349112426
632,0.025254437869822486,0.07684023668639053
633,0.02542011834319527,0.0770473372781065
634,0.025585798816568046,0.07842603550295858
635,0.025254437869822486,0.07834319526627218
636,0.025088757396449703,0.07884023668639054
637,0.023917159763313607,0.07809467455621302
638,0.02542011834319527,0.07867455621301775
639,0.024674556213017743,0.07688165680473373
640,0.025337278106508876,0.0782189349112426
641,0.02517159763313609,0.07850887573964498
642,0.02517159763313609,0.07834319526627218
643,0.02517159763313609,0.07797041420118343
644,0.025254437869822486,0.07859171597633136
645,0.025088757396449703,0.07679881656804734
646,0.025337278106508876,0.0771715976331361
647,0.025502958579881656,0.0770473372781065
648,0.023917159763313607,0.07813609467455622
649,0.025502958579881656,0.07842603550295858
650,0.025254437869822486,0.07863313609467455
651,0.02542011834319527,0.07834319526627218
652,0.025254437869822486,0.07650887573964497
653,0.025502958579881656,0.07875739644970414
654,0.02517159763313609,0.07634319526627217
655,0.025088757396449703,0.07684023668639053
656,0.025254437869822486,0.0770887573964497
657,0.025254437869822486,0.0771301775147929
658,0.025337278106508876,0.07684023668639053
659,0.025502958579881656,0.07679881656804734
660,0.02517159763313609,0.07675739644970414
661,0.025254437869822486,0.07892307692307693
662,0.025337278106508876,0.07809467455621302
663,0.025337278106508876,0.07900591715976332
664,0.02542011834319527,0.07684023668639053
665,0.025254437869822486,0.0771715976331361
666,0.025254437869822486,0.07675739644970414
667,0.025254437869822486,0.07834319526627218
668,0.02542011834319527,0.07850887573964498
669,0.025337278106508876,0.07830177514792899
670,0.025502958579881656,0.07755029585798817
671,0.025337278106508876,0.07817751479289942
672,0.02542011834319527,0.07809467455621302
673,0.024,0.07721301775147929
674,0.025337278106508876,0.07867455621301775
675,0.025337278106508876,0.07671597633136094
676,0.025254437869822486,0.07733727810650887
677,0.02542011834319527,0.07875739644970414
678,0.025502958579881656,0.07888165680473373
679,0.025254437869822486,0.07675739644970414
680,0.025337278106508876,0.07879881656804734
681,0.02542011834319527,0.07813609467455622
682,0.02517159763313609,0.07817751479289942
683,0.02542011834319527,0.07725443786982247
684,0.025088757396449703,0.07667455621301775
685,0.02542011834319527,0.07884023668639054
686,0.024,0.07867455621301775
687,0.025088757396449703,0.07850887573964498
688,0.023917159763313607,0.07579881656804734
689,0.025337278106508876,0.07721301775147929
690,0.02542011834319527,0.07875739644970414
691,0.025254437869822486,0.07850887573964498
692,0.024757396449704136,0.07746153846153846
693,0.025337278106508876,0.0770887573964497
694,0.025254437869822486,0.07859171597633136
695,0.025585798816568046,0.07867455621301775
696,0.025337278106508876,0.07875739644970414
697,0.025005917159763316,0.07830177514792899
698,0.025088757396449703,0.0762603550295858
699,0.025254437869822486,0.07875739644970414
700,0.025337278106508876,0.0761360946745562
701,0.02517159763313609,0.07659171597633135
702,0.02542011834319527,0.07675739644970414
703,0.025337278106508876,0.07729585798816568
704,0.02542011834319527,0.07830177514792899
705,0.02542011834319527,0.0771301775147929
706,0.02542011834319527,0.07659171597633135
707,0.025668639053254436,0.07859171597633136
708,0.024,0.07721301775147929
709,0.025088757396449703,0.07667455621301775
710,0.025254437869822486,0.07675739644970414
711,0.025254437869822486,0.07884023668639054
712,0.025254437869822486,0.07675739644970414
713,0.025254437869822486,0.07842603550295858
714,0.02383431952662722,0.0782189349112426
715,0.025337278106508876,0.07684023668639053
716,0.023917159763313607,0.07859171597633136
717,0.025337278106508876,0.07663313609467455
718,0.025254437869822486,0.07813609467455622
719,0.02542011834319527,0.07871597633136095
720,0.02416568047337278,0.07659171597633135
721,0.02517159763313609,0.07834319526627218
722,0.023917159763313607,0.0770887573964497
723,0.025254437869822486,0.07679881656804734
724,0.02542011834319527,0.07884023668639054
725,0.02408284023668639,0.07496449704142012
726,0.025088757396449703,0.07696449704142012
727,0.02517159763313609,0.07788165680473373
728,0.025337278106508876,0.07875739644970414
729,0.02542011834319527,0.07788757396449705
730,0.025088757396449703,0.0771715976331361
731,0.025585798816568046,0.07863313609467455
732,0.025585798816568046,0.07842603550295858
733,0.025502958579881656,0.07850887573964498
734,0.025502958579881656,0.0791715976331361
735,0.02542011834319527,0.07667455621301775
736,0.025502958579881656,0.07684023668639053
737,0.025502958579881656,0.07688165680473373
738,0.025337278106508876,0.07692307692307693
739,0.02408284023668639,0.07675739644970414
740,0.02542011834319527,0.07842603550295858
741,0.025088757396449703,0.07842603550295858
742,0.025088757396449703,0.07855029585798817
743,0.025502958579881656,0.07709467455621302
744,0.025502958579881656,0.07855029585798817
745,0.025254437869822486,0.07855029585798817
746,0.024,0.07842603550295858
747,0.02408284023668639,0.07675739644970414
748,0.02492307692307693,0.0782189349112426
749,0.02542011834319527,0.07884023668639054
750,0.025088757396449703,0.07838461538461539
751,0.02408284023668639,0.07809467455621302
752,0.02542011834319527,0.07850887573964498
753,0.025585798816568046,0.0770887573964497
754,0.02517159763313609,0.0782189349112426
755,0.025088757396449703,0.07721301775147929
756,0.025337278106508876,0.0762189349112426
757,0.025254437869822486,0.07659171597633135
758,0.02517159763313609,0.07667455621301775
759,0.02383431952662722,0.07842603550295858
760,0.02517159763313609,0.07859171597633136
761,0.024248520710059174,0.0782603550295858
762,0.02542011834319527,0.07675739644970414
763,0.02492307692307693,0.07675739644970414
764,0.025254437869822486,0.07684023668639053
765,0.025254437869822486,0.07842603550295858
766,0.02542011834319527,0.07834319526627218
767,0.025502958579881656,0.07675739644970414
768,0.025254437869822486,0.07634319526627217
769,0.025585798816568046,0.07759171597633135
770,0.02542011834319527,0.07571597633136096
771,0.025088757396449703,0.0791715976331361
772,0.025337278106508876,0.07679881656804734
773,0.025088757396449703,0.07850887573964498
774,0.025254437869822486,0.07784615384615386
775,0.02408284023668639,0.07842603550295858
776,0.025337278106508876,0.07842603550295858
777,0.02517159763313609,0.0781775147928994
778,0.025502958579881656,0.07850887573964498
779,0.025337278106508876,0.07684023668639053
780,0.02408284023668639,0.07667455621301775
781,0.024,0.07692307692307693
782,0.025337278106508876,0.07684023668639053
783,0.02542011834319527,0.07859171597633136
784,0.023751479289940827,0.0762603550295858
785,0.025502958579881656,0.07834319526627218
786,0.025337278106508876,0.07663313609467455
787,0.025337278106508876,0.07688165680473373
788,0.025502958579881656,0.0771715976331361
789,0.025254437869822486,0.07663313609467455
790,0.024414201183431954,0.07817751479289942
791,0.025254437869822486,0.07859171597633136
792,0.02492307692307693,0.07817751479289942
793,0.025088757396449703,0.07650887573964497
794,0.025585798816568046,0.07859171597633136
795,0.02542011834319527,0.07692307692307693
796,0.025502958579881656,0.0782189349112426
797,0.02542011834319527,0.07688165680473373
798,0.02542011834319527,0.07700591715976332
799,0.02517159763313609,0.07784615384615384
800,0.02542011834319527,0.07975739644970414
801,0.025254437869822486,0.07725443786982249
802,0.02517159763313609,0.0764260355029586
803,0.02408284023668639,0.07859171597633136
804,0.025337278106508876,0.07850887573964498
805,0.025254437869822486,0.07875739644970414
806,0.02542011834319527,0.07884023668639054
807,0.025337278106508876,0.07805325443786983
808,0.025337278106508876,0.07679881656804734
809,0.025254437869822486,0.07850887573964498
810,0.025337278106508876,0.07867455621301775
811,0.025254437869822486,0.07675739644970414
812,0.025254437869822486,0.07684023668639053
813,0.024840236686390536,0.07834319526627218
814,0.024674556213017743,0.07675739644970414
815,0.025502958579881656,0.07634319526627217
816,0.025254437869822486,0.07659171597633135
817,0.025585798816568046,0.07725443786982249
818,0.025337278106508876,0.0782603550295858
819,0.02383431952662722,0.07684023668639053
820,0.025254437869822486,0.07846745562130178
821,0.025337278106508876,0.07855029585798817
822,0.025337278106508876,0.0764260355029586
823,0.025254437869822486,0.07650887573964497
824,0.025502958579881656,0.07675739644970414
825,0.025337278106508876,0.0762189349112426
826,0.025502958579881656,0.07834319526627218
827,0.02517159763313609,0.07834319526627218
828,0.02542011834319527,0.07850887573964498
829,0.025337278106508876,0.0771715976331361
830,0.02449704142011834,0.07863313609467455
831,0.025502958579881656,0.07871597633136095
832,0.023917159763313607,0.07834319526627218
833,0.025254437869822486,0.0782603550295858
834,0.02383431952662722,0.07784615384615384
835,0.025585798816568046,0.07875739644970414
836,0.025254437869822486,0.07855029585798817
837,0.02542011834319527,0.0764260355029586
838,0.025502958579881656,0.07784615384615384
839,0.025254437869822486,0.08005325443786983
840,0.023917159763313607,0.07766863905325444
841,0.025337278106508876,0.07650887573964497
842,0.025337278106508876,0.07721301775147929
843,0.025337278106508876,0.07842603550295858
844,0.025337278106508876,0.07667455621301775
845,0.025502958579881656,0.0770473372781065
846,0.02542011834319527,0.07875739644970414
847,0.025337278106508876,0.07659171597633135
848,0.025005917159763316,0.07684023668639053
849,0.025005917159763316,0.07834319526627218
850,0.025254437869822486,0.07867455621301775
851,0.025254437869822486,0.07834319526627218
852,0.02517159763313609,0.07842603550295858
853,0.024,0.0770887573964497
854,0.02542011834319527,0.07850887573964498
855,0.02542011834319527,0.07896449704142013
856,0.02449704142011834,0.07684023668639053
857,0.025005917159763316,0.0782603550295858
858,0.025254437869822486,0.07684023668639053
859,0.02492307692307693,0.07659171597633135
860,0.02492307692307693,0.07859171597633136
861,0.025585798816568046,0.0782603550295858
862,0.025337278106508876,0.07859171597633136
863,0.025088757396449703,0.07884023668639054
864,0.025337278106508876,0.07867455621301775
865,0.025502958579881656,0.07721301775147929
866,0.025254437869822486,0.07842603550295858
867,0.024757396449704136,0.07737869822485206
868,0.025005917159763316,0.07688165680473373
869,0.025337278106508876,0.07863313609467455
870,0.025337278106508876,0.07688165680473373
871,0.02517159763313609,0.07684023668639053
872,0.025337278106508876,0.0771715976331361
873,0.024,0.07817751479289942
874,0.02492307692307693,0.07684023668639053
875,0.02416568047337278,0.07667455621301775
876,0.02542011834319527,0.0771715976331361
877,0.02542011834319527,0.07859171597633136
878,0.02517159763313609,0.07638461538461538
879,0.025337278106508876,0.07875739644970414
880,0.025254437869822486,0.07875739644970414
881,0.024,0.0770473372781065
882,0.025337278106508876,0.07742011834319526
883,0.02542011834319527,0.07855029585798817
884,0.025337278106508876,0.07875739644970414
885,0.024,0.07613609467455622
886,0.02408284023668639,0.0781360946745562
887,0.025337278106508876,0.07846745562130178
888,0.02542011834319527,0.07746153846153846
889,0.025337278106508876,0.07692307692307693
890,0.024,0.07855029585798817
891,0.02492307692307693,0.07609467455621302
892,0.02542011834319527,0.07863313609467455
893,0.025088757396449703,0.07850887573964498
894,0.025005917159763316,0.0771715976331361
895,0.02542011834319527,0.0782603550295858
896,0.025337278106508876,0.07813609467455622
897,0.02542011834319527,0.0770887573964497
898,0.025585798816568046,0.07867455621301775
899,0.02542011834319527,0.07859171597633136
900,0.025502958579881656,0.07667455621301775
901,0.025337278106508876,0.07737869822485206
902,0.02542011834319527,0.07675739644970414
903,0.023917159763313607,0.07667455621301775
904,0.025502958579881656,0.07879881656804734
905,0.024414201183431954,0.07675739644970414
906,0.025337278106508876,0.0782189349112426
907,0.025254437869822486,0.07692307692307693
908,0.024,0.0771715976331361
909,0.025337278106508876,0.07884023668639054
910,0.025502958579881656,0.07850887573964498
911,0.024579881656804733,0.0782603550295858
912,0.025254437869822486,0.07867455621301775
913,0.02492307692307693,0.07675739644970414
914,0.025254437869822486,0.07784023668639053
915,0.02449704142011834,0.07609467455621302
916,0.025254437869822486,0.07601183431952663
917,0.025337278106508876,0.07646745562130178
918,0.02542011834319527,0.07850887573964498
919,0.025337278106508876,0.07855029585798817
920,0.025337278106508876,0.07834319526627218
921,0.023917159763313607,0.07650887573964497
922,0.025254437869822486,0.07850887573964498
923,0.02542011834319527,0.07696449704142012
924,0.02542011834319527,0.07805325443786983
925,0.025088757396449703,0.0770473372781065
926,0.02542011834319527,0.0791715976331361
927,0.025668639053254436,0.07663313609467455
928,0.02542011834319527,0.07834319526627218
929,0.025502958579881656,0.07650887573964497
930,0.025254437869822486,0.07675739644970414
931,0.025502958579881656,0.07867455621301775
932,0.02449704142011834,0.07842603550295858
933,0.024248520710059174,0.07855029585798817
934,0.025502958579881656,0.07842603550295858
935,0.025254437869822486,0.07838461538461539
936,0.024248520710059174,0.07767455621301775
937,0.02517159763313609,0.07650887573964497
938,0.023917159763313607,0.07838461538461539
939,0.025502958579881656,0.07688165680473373
940,0.02442603550295859,0.07809467455621302
941,0.025337278106508876,0.07801183431952663
942,0.025502958579881656,0.07867455621301775
943,0.025254437869822486,0.0782603550295858
944,0.025254437869822486,0.07842603550295858
945,0.024757396449704136,0.07875739644970414
946,0.02517159763313609,0.07692307692307693
947,0.02492307692307693,0.07692307692307693
948,0.025254437869822486,0.0782603550295858
949,0.025254437869822486,0.07667455621301775
950,0.02517159763313609,0.07688165680473373
951,0.025254437869822486,0.0770473372781065
952,0.025088757396449703,0.07884023668639054
953,0.025337278106508876,0.0764260355029586
954,0.025502958579881656,0.07842603550295858
955,0.025502958579881656,0.07842603550295858
956,0.025502958579881656,0.07850887573964498
957,0.02517159763313609,0.07867455621301775
958,0.02517159763313609,0.0782189349112426
959,0.02542011834319527,0.07900591715976332
960,0.025005917159763316,0.07859171597633136
961,0.025254437869822486,0.07842603550295858
962,0.02450887573964497,0.07850887573964498
963,0.025088757396449703,0.07867455621301775
964,0.02517159763313609,0.07684023668639053
965,0.02542011834319527,0.07842603550295858
966,0.025337278106508876,0.07688165680473373
967,0.024248520710059174,0.07834319526627218
968,0.02542011834319527,0.07871597633136095
969,0.025088757396449703,0.07692307692307693
970,0.025254437869822486,0.07679881656804734
971,0.02492307692307693,0.07667455621301775
972,0.025088757396449703,0.07842603550295858
973,0.02517159763313609,0.07859171597633136
974,0.025337278106508876,0.07667455621301775
975,0.025337278106508876,0.07846745562130178
976,0.025088757396449703,0.07867455621301775
977,0.02542011834319527,0.0782603550295858
978,0.025337278106508876,0.07779881656804734
979,0.025337278106508876,0.07696449704142012
980,0.025337278106508876,0.07659171597633135
981,0.02542011834319527,0.0782603550295858
982,0.02517159763313609,0.0782603550295858
983,0.025337278106508876,0.07679881656804734
984,0.025005917159763316,0.0782603550295858
985,0.025254437869822486,0.07729585798816568
986,0.02517159763313609,0.07754437869822485
987,0.025088757396449703,0.07855029585798817
988,0.024248520710059174,0.07817751479289942
989,0.025337278106508876,0.07846745562130178
990,0.02517159763313609,0.07667455621301775
991,0.024,0.07659171597633135
992,0.02542011834319527,0.07842603550295858
993,0.025337278106508876,0.0771715976331361
994,0.02517159763313609,0.07972189349112427
995,0.025337278106508876,0.07859171597633136
996,0.02542011834319527,0.07696449704142012
997,0.025502958579881656,0.0782603550295858
998,0.025502958579881656,0.07838461538461539
999,0.02517159763313609,0.07779881656804734
